取引先ID(必須),取引先名(必須),住所,電話番号,業種,設立年,URL,資本金,従業員数,決算月,顧客区分（管理番号:19103）,商流（管理番号:19122）,販売店名（管理番号:19121）,担当営業（管理番号:19104）,担当営業（管理番号:19113）,エリア（管理番号:19114）,MA部支援担当（管理番号:19258）,MA部推進希望（管理番号:19116）,接点（管理番号:19117）,保有設備（管理番号:19118）,最新評点（管理番号:19119）,前回評点（管理番号:19120）,保有設備（機種）（管理番号:19174）,現設備の導入年月（管理番号:19175）,主なクライアント（管理番号:19176）,FY24請求金額PP＆Label（円）（管理番号:19177）,FY24全社損益PP＆Label（円）（管理番号:19178）,DV伸長率　対FY23（管理番号:19179）,過年度MIF台数（管理番号:19180）,競合情報／他社機（管理番号:19181）,今後の印刷物注力状況（管理番号:19182）,今後の印刷物注力状況の詳細（管理番号:19183）,オフセットとオンデマンドの比率（管理番号:19184）,メインの印刷物（管理番号:19185）,他社との差別化ポイント（管理番号:19186）,印刷における課題（管理番号:19187）,印刷以外で実施しているビジネス（管理番号:19188）,印刷とその他ビジネスのシナジーは生み出せているか（管理番号:19189）,ビジネスシナジーの詳細（管理番号:19190）,どんな会社になりたいと考えているか（管理番号:19191）
12927008,ＹＡＭＡＧＡＴＡ株式会社,神奈川県横浜市西区高島２－６－３４,045-461-4000,,1906,https://yamagata-corp.jp/,55000000,250,,X1,,,,anna.shirai@konicaminolta.com,東日本営業部,権田,,,,,,,,,,,,,,,,,,,,,,,
12926655,ＴＯＰＰＡＮ株式会社,東京都文京区水道１－３－３,03-3835-5111,印刷業,1908,https://www.holdings.toppan.com/ja/,500000000,10961,3,X2,,,加藤　哲平,anna.shirai@konicaminolta.com,西日本営業部,芝川,希望,,,69点,69点,,,,,,,,,,,,,,,,,,
12926656,ＴＯＰＰＡＮ株式会社,東京都文京区水道１－３－３,03-3835-5111,印刷業,1908,https://www.holdings.toppan.com/ja/,500000000,10961,3,X2,,,前　宏夫,anna.shirai@konicaminolta.com,西日本営業部,芝川,,,,69点,69点,,,,,,,,,,,,,,,,,,
12926690,ＴＯＰＰＡＮ株式会社,東京都文京区水道１－３－３,03-3835-5111,印刷業,1908,https://www.holdings.toppan.com/ja/,500000000,10961,3,X2,,,平野　圭祐,anna.shirai@konicaminolta.com,中日本営業部,服部,希望,,,,,,,,,,,,,,,,,,,,,,
12926756,ＴＯＰＰＡＮ株式会社,東京都文京区水道１－３－３,03-3835-5111,印刷業,1908,https://www.holdings.toppan.com/ja/,500000000,10961,3,X2,直販,,,anna.shirai@konicaminolta.com,東日本営業部,大脇,希望,,,,,,,,,,,,,,,,,,,,,,
12926900,ＴＯＰＰＡＮ株式会社,東京都文京区水道１－３－３,03-3835-5111,印刷業,1908,https://www.holdings.toppan.com/ja/,500000000,10961,3,X1,,,服部　晃宏,anna.shirai@konicaminolta.com,西日本営業部,芝川,不要,,,,,,,,,,,,,,,,,,,,,,
12927047,ＴＯＰＰＡＮクロレ株式会社,東京都北区東十条３－１０－３６,03-5843-9700,印刷業,1943,https://www.tosho.co.jp/company/profile,500000000,936,3,X2,,,田上　直樹,anna.shirai@konicaminolta.com,東日本営業部,大脇,希望,,,,,,,,,,,,,,,,,,,,,,
12926757,ＴＯＰＰＡＮエッジ株式会社,東京都港区東新橋１－７－３東京汐留ビルディング,03-6253-6000,印刷業,1955,https://www.edge.toppan.com/enterprise/about.html,500000000,2600,3,X2,直販,,,anna.shirai@konicaminolta.com,東日本営業部,権田,希望,,,,,,,,,,,,,,,,,,,,,,
12926755,ＮＴＴ印刷株式会社,東京都中央区入船３－２－１０アーバンネット入船,03-6453-7400,,1969,https://www.nttprint.com/company/tabid69.html,100000000,432,,X2,直販,,,anna.shirai@konicaminolta.com,東日本営業部,権田,希望,,,,,,,,,,,,,,,,,,,,,,
12927007,ＮＳハートフルサービス東日本株式会社,,,,,,,,,X1,,,,anna.shirai@konicaminolta.com,東日本営業部,大脇,,,,,,,,,,,,,,,,,,,,,,,
12927006,ＮＲＩフィナンシャル・グラフィックス株式会社,東京都品川区北品川５－５－１５大崎ブライトコア１４Ｆ,03-5789-8250,,,,100000000,35,,X1,,,森　慎也,anna.shirai@konicaminolta.com,東日本営業部,大脇,希望,,,,,,,,,,,,,,,,,,,,,,
12927005,ＭＳＰ合同会社,千葉県柏市西原３－９－２６,,,,,500000,,,X1,,,秋満　洋平,anna.shirai@konicaminolta.com,東日本営業部,権田,希望,,,,,,,,,,,,,,,,,,,,,,
12926754,ＭＩＣ株式会社,東京都新宿区西新宿５－１４－３,03-3372-2431,,1946,https://www.mic-p.com/about#corporate,10000000,310,,X2,直販,,,anna.shirai@konicaminolta.com,東日本営業部,大脇,不要,,,,,,,,,,,,,,,,,,,,,,
12926899,ＨＯＴＡＲＵ株式会社,大阪府大阪市住之江区浜口西１－１３－３,06-6676-1900,,1959,https://hotaru.ltd/company/,10000000,84,,X1,,,服部　晃宏,anna.shirai@konicaminolta.com,西日本営業部,芝川,希望,,,,,,,,,,,,,,,,,,,,,,
12926753,ＡＧＮ株式会社,,,,,,,,,X2,,コニカミノルタNC,川原　俊康,anna.shirai@konicaminolta.com,東日本営業部,大脇,希望,,,,,,,,,,,,,,,,,,,,,,
12926751,（社福）青森県コロニー協会,,,,,,,,,X2,,ヤマトヤ商会,菅　康則,anna.shirai@konicaminolta.com,東日本営業部,大脇,希望,,,,,,,,,,,,,,,,,,,,,,
12926878,塚田印刷株式会社,兵庫県西宮市津門稲荷町１１－１２,0798-33-4622,,,https://www.tsukada-print.jp/,10000000,47,,X1,,,服部　晃宏,anna.shirai@konicaminolta.com,西日本営業部,芝川,,,,,,,,,,,,,,,,,,,,,,,
12926695,鵜川印刷株式会社,,,,,,,,,X2,,,山田　洋平,anna.shirai@konicaminolta.com,中日本営業部,服部,希望,,,,,,,,,,,,,,,,,,,,,,
12926782,高速印刷株式会社,,,,,,,,,X2,,コニカミノルタNC,川原　俊康,anna.shirai@konicaminolta.com,東日本営業部,大脇,希望,,,,,,,,,,,,,,,,,,,,,,
12926696,高桑美術印刷株式会社,,,,,,,,,X2,,,山田　洋平,anna.shirai@konicaminolta.com,中日本営業部,服部,希望,,,,,,,,,,,,,,,,,,,,,,
12926866,阪本印刷株式会社,大阪府大阪市北区中津６－３－１１,06-6457-6773,,1948,https://www.sakamoto.co.jp/company/,100000000,142,,X1,,,服部　晃宏,anna.shirai@konicaminolta.com,西日本営業部,芝川,,,,,,,,,,,,,,,,,,,,,,,
12926943,長苗印刷株式会社,愛知県春日井市神屋町引沢１－４７,0568-88-8417,,1952,https://www.naganae.co.jp,51600000,98,,X1,,,篭橋　宏憲,anna.shirai@konicaminolta.com,中日本営業部,服部,希望,,,,,,,,,,,,,,,,,,,,,,
12927020,錦明印刷株式会社,東京都千代田区西神田３－３－３,03-3265-1785,,,https://www.kinmei.co.jp/,100000000,126,,X1,,,秋満　洋平,anna.shirai@konicaminolta.com,東日本営業部,権田,希望,,,,,,,,,,,,,,,,,,,,,,
12927046,鈴木印刷株式会社,,,,,,,,,X1,直販,,秋満　洋平,anna.shirai@konicaminolta.com,東日本営業部,大脇,不要,,,,,,,,,,,,,,,,,,,,,,
12926676,邨田印刷紙器株式会社,大阪府寝屋川市讃良東町２－１,072-821-1051,,,http://www.murataprinting.co.jp/company.html#map,24000000,80,,X2,,,山本　壮二郎,anna.shirai@konicaminolta.com,西日本営業部,芝川,,,,66点,66点,,,,,,,,,,,,,,,,,,
12926661,近江印刷株式会社,,,,,,,,,X2,,光文堂,上原　元二,anna.shirai@konicaminolta.com,西日本営業部,芝川,不要,,,,,,,,,,,,,,,,,,,,,,
12926774,越後札紙株式会社,,,,,,,,,X2,,タカノ機械製作所,川原　俊康,anna.shirai@konicaminolta.com,東日本営業部,大脇,希望,,,,,,,,,,,,,,,,,,,,,,
12926870,赤坂印刷株式会社,,,,,,,,,X1,,,橋本　貴弘,anna.shirai@konicaminolta.com,西日本営業部,芝川,,,,,,,,,,,,,,,,,,,,,,,
12926629,西川コミュニケーションズ株式会社,,,,,,,,,X2,,,杉山　博紀,anna.shirai@konicaminolta.com,中日本営業部,服部,希望,,,,,,,,,,,,,,,,,,,,,,
12926800,藤沢紙工株式会社,神奈川県高座郡寒川町倉見１４１５－４,0467-75-9800,,1972,https://www.fujikoo.co.jp/corp/outline.html,30000000,104,,X2,,,秋満　洋平,anna.shirai@konicaminolta.com,東日本営業部,権田,不要,,,,,,,,,,,,,,,,,,,,,,
12927039,藤庄印刷株式会社,,,,,,,,,X1,,,萬寿　正裕,anna.shirai@konicaminolta.com,東日本営業部,大脇,,,,,,,,,,,,,,,,,,,,,,,
12926836,藤崎印刷株式会社,,,,,,,,,X1,,ヤマトヤ,野村　志雄,anna.shirai@konicaminolta.com,東日本営業部,大脇,希望,,,,,,,,,,,,,,,,,,,,,,
12927038,藤原印刷株式会社,,,,,,,,,X1,,,森　慎也,anna.shirai@konicaminolta.com,東日本営業部,大脇,希望,,,,,,,,,,,,,,,,,,,,,,
12926938,興和紡株式会社,愛知県名古屋市中区錦３－６－２９,052-963-3417,,,http://www.kowabo.co.jp/bk/k01.htm,50000000,122,,X1,,,篭橋　宏憲,anna.shirai@konicaminolta.com,中日本営業部,服部,不要,,,,,,,,,,,,,,,,,,,,,,
12926703,能登印刷株式会社,石川県金沢市武蔵町7-10,076-274-0084,,1962,https://www.notoinsatu.co.jp/,78000000,165,6,X2,直販,,山田　洋平,anna.shirai@konicaminolta.com,中日本営業部,清野,希望,強い,,62,,,,,2978516,170527,87,2,"RICOH　C9110（2025年3月で部品供給終了）
RICOH　C7210",,,,,,その他,"・マーケティングプロモーション
・コーポレートコミュニケーション
・DX支援
・メディア事業及びプラットフォーム事業",YES,,今後の
12926792,総合商研株式会社,,,,,,,,,X2,,光文堂,木村　智弘,anna.shirai@konicaminolta.com,東日本営業部,大脇,希望,,,,,,,,,,,,,,,,,,,,,,
12927028,精英堂印刷株式会社,,,,,,,,,X1,,,萬寿　正裕,anna.shirai@konicaminolta.com,東日本営業部,大脇,,,,,,,,,,,,,,,,,,,,,,,
12926697,笹徳印刷株式会社,愛知県豊明市栄町大脇７,0562-97-1111,,1950,https://www.sasatoku.co.jp/company/company_about.php,309250000,303,6,X2,,,篭橋　宏憲,anna.shirai@konicaminolta.com,中日本営業部,服部,不要,,,,,,,,,,,,,,,,,,,,,,
12926833,第一印刷株式会社,,,,,,,,,X1,,SHITARA,野村　志雄,anna.shirai@konicaminolta.com,東日本営業部,大脇,希望,,,,,,,,,,,,,,,,,,,,,,
12926700,竹田印刷株式会社,愛知県名古屋市昭和区白金１－１１－１０,052-871-6351,印刷業,1946,https://www.takedaip-hd.co.jp,1937920000,45,3,X2,,,平野　圭祐,anna.shirai@konicaminolta.com,中日本営業部,服部,希望,,,,,,,,,,,,,,,,,,,,,,
12927025,秋栄堂印刷株式会社,,,,,,,,,X1,,,野村　志雄,anna.shirai@konicaminolta.com,東日本営業部,大脇,不要,,,,,,,,,,,,,,,,,,,,,,
12926704,福島印刷株式会社,,,,,,,,,X2,,,山田　洋平,anna.shirai@konicaminolta.com,中日本営業部,服部,不要,,,,,,,,,,,,,,,,,,,,,,
12927044,福島印刷工業株式会社,東京都板橋区前野町６－５－１,03-5914-1421,,1958,https://net-fp.co.jp/,100000000,130,,X1,,東洋インキ,野津　太郎,anna.shirai@konicaminolta.com,東日本営業部,大脇,希望,,,,,,,,,,,,,,,,,,,,,,
12926674,福博印刷株式会社,,,,,,,,,X2,,,水田　仁,anna.shirai@konicaminolta.com,西日本営業部,芝川,,,,,,,,,,,,,,,,,,,,,,,
12926625,神田印刷工業株式会社,〒464-0084 愛知県名古屋市千種区松軒1丁目1番5号,052-722-0611,,,,,,,X2,,,篭橋　宏憲,anna.shirai@konicaminolta.com,中日本営業部,服部,希望,,,,,,,,,,,,,,,,,,,,,,
12926910,研精堂印刷株式会社,,,,,,,,,X1,,,前　宏夫,anna.shirai@konicaminolta.com,西日本営業部,芝川,希望,,,,,,,,,,,,,,,,,,,,,,
12926917,石川特殊特急製本株式会社,大阪府大阪市中央区龍造寺町７－３８,06-6762-5851,,1971,http://www.issmain.co.jp/index/e73.html?PHPSESSID=e23dc1ac43b411d924d14ae1adf2892f,60000000,268,,X1,,,山本　壮二郎,anna.shirai@konicaminolta.com,西日本営業部,芝川,希望,,,,,,,,,,,,,,,,,,,,,,
12926868,瞬報社写真印刷株式会社,,,,,,,,,X1,,合同印刷機材,和田　剛史,anna.shirai@konicaminolta.com,西日本営業部,芝川,,,,,,,,,,,,,,,,,,,,,,,
12926867,瞬報社オフリン印刷株式会社,,,,,,,,,X1,,,橋本　貴弘,anna.shirai@konicaminolta.com,西日本営業部,芝川,,,,,,,,,,,,,,,,,,,,,,,
12926665,真生印刷株式会社,大阪府堺市堺区神南辺町５－１５２－２,072-225-5001,,,,30000000,283,,X2,直販,,辻本　竜也,anna.shirai@konicaminolta.com,西日本営業部,芝川,不要,,,58点,55点,,,,,,,,,,,,,,,,,,
12926871,相互ビジネスフォーム株式会社,大阪府大東市新田境町３－２６,072-872-6321,,,,23000000,74,,X1,,,辻本　竜也,anna.shirai@konicaminolta.com,西日本営業部,芝川,,,,,,,,,,,,,,,,,,,,,,,
12927042,白山印刷株式会社,東京都台東区台東１－２７－１０第２成瀬秋葉原ビル３Ｆ,03-5817-4381,,,https://hakusan-p.co.jp/about/,30000000,60,,X1,,フカミヤ,秋満　洋平,anna.shirai@konicaminolta.com,東日本営業部,大脇,不要,,,,,,,,,,,,,,,,,,,,,,
12927033,町田印刷株式会社,埼玉県戸田市美女木東１－１－１４,048-422-0888,,1947,http://www.machida.co.jp/company,100000000,127,,X1,,,,anna.shirai@konicaminolta.com,東日本営業部,権田,,,,,,,,,,,,,,,,,,,,,,,
12926701,田中昭文堂印刷株式会社,,,,,,,,,X2,,,山田　洋平,anna.shirai@konicaminolta.com,中日本営業部,服部,希望,,,,,,,,,,,,,,,,,,,,,,
12926801,独立行政法人国立印刷局,東京都港区虎ノ門２－２－５共同通信会館７Ｆ,03-3582-4411,,,,1.13E+11,4145,,X2,,,秋満　洋平,anna.shirai@konicaminolta.com,東日本営業部,権田,不要,,,,,,,,,,,,,,,,,,,,,,
12926830,熊沢印刷工芸株式会社,東京都北区赤羽北２－３５－７,03-3905-1201,,1961,https://kumazawa-sp.co.jp/company/outline/,45360000,81,,X1,,ヤマトヤ,田上　直樹,anna.shirai@konicaminolta.com,東日本営業部,大脇,希望,,,,,,,,,,,,,,,,,,,,,,
12926869,瀬戸内海印刷株式会社,,,,,,,,,X1,,,橋本　貴弘,anna.shirai@konicaminolta.com,西日本営業部,芝川,,,,,,,,,,,,,,,,,,,,,,,
12926864,溝端紙工印刷株式会社,,,,,,,,,X1,,,菰池　祥之,anna.shirai@konicaminolta.com,西日本営業部,芝川,,,,,,,,,,,,,,,,,,,,,,,
12926781,港北メディアサービス株式会社,東京都渋谷区渋谷２－７－７,03-5466-2201,,1960,http://www.kohoku.co.jp/,45000000,172,,X2,,誠伸商事,湯山　貴文,anna.shirai@konicaminolta.com,東日本営業部,権田,希望,,,,,,,,,,,,,,,,,,,,,,
12926775,欧文印刷株式会社,東京都文京区本郷１－１７－２,03-3817-5910,,2016,https://www.dodpcenter.com/about.html,100000000,95,,X2,,SHITARA,野村　志雄,anna.shirai@konicaminolta.com,東日本営業部,大脇,希望,,,,,,,,,,,,,,,,,,,,,,
12926636,株式会社ＴＯＷＡ,大阪府東大阪市高井田中３－９－１０,06-6782-6061,,,https://www.towa-web.com/company/about.html,30000000,50,,X2,,,山本　壮二郎,anna.shirai@konicaminolta.com,西日本営業部,芝川,希望,,,45点,45点,,,,,,,,,,,,,,,,,,
12926946,株式会社ＴＬＰ,東京都板橋区板橋１－５３－２ＴＭ２１ビル,03-5943-5200,,1975,https://www.tlp.jp/company.html#cp,100000000,281,,X1,,SHITARA,川原　俊康,anna.shirai@konicaminolta.com,東日本営業部,大脇,不要,,,,,,,,,,,,,,,,,,,,,,
12926844,株式会社ＮＳＰ,,,,,,,,,X1,,,岩谷　雄司,anna.shirai@konicaminolta.com,西日本営業部,芝川,,,,,,,,,,,,,,,,,,,,,,,
12926882,株式会社ＫＤＣ,大阪府大阪市西淀川区千舟３－３－２,06-6195-0180,,1970,https://www.kdc-jp.com/about/,20000000,219,,X1,,,山本　壮二郎,anna.shirai@konicaminolta.com,西日本営業部,芝川,希望,,,,,,,,,,,,,,,,,,,,,,
12926707,株式会社ＪＯＥＴＳＵ,,,,,,,,,X2,,,秋満　洋平,anna.shirai@konicaminolta.com,東日本営業部,大脇,不要,,,,,,,,,,,,,,,,,,,,,,
12926677,株式会社ＩＴＰ,京都府京都市中京区丸太町通小川西入横鍛冶町１００,075-211-9111,,1916,https://www.itp.co.jp/corporate/,90000000,845,,X2,,,杉山　博紀,anna.shirai@konicaminolta.com,中日本営業部,服部,希望,,,66点,66点,,,,,,,,,,,,,,,,,,
12926922,株式会社ＩＬファーマパッケージング,愛知県一宮市三ツ井５－１５－１８,0586-76-1611,,,http://www.iwatalabel.co.jp/?page_id=18,100000000,200,,X1,,,平野　圭祐,anna.shirai@konicaminolta.com,中日本営業部,服部,希望,,,,,,,,,,,,,,,,,,,,,,
12926881,株式会社ＤＮＰ四国,,,,,,,,,X1,,,岩谷　雄司,anna.shirai@konicaminolta.com,西日本営業部,芝川,希望,,,,,,,,,,,,,,,,,,,,,,
12926706,株式会社ＤＮＰロジスティクス,東京都北区赤羽南２－２０－７,03-3903-8940,,,,626333000,667,,X2,直販,,秋満　洋平,anna.shirai@konicaminolta.com,東日本営業部,大脇,希望,,,,,,,,,,,,,,,,,,,,,,
12926623,株式会社ＤＮＰデータテクノ,,,,,,,,,X2,,,,anna.shirai@konicaminolta.com,中日本営業部,服部,希望,,,,,,,,,,,,,,,,,,,,,,
12926945,株式会社ＤＮＰグラフィカ,東京都新宿区市谷加賀町１－１－１,03-5261-6400,,,https://www.dnp.co.jp/group/dnp-graphica/information/,100000000,1209,,X1,,FBM,秋満　洋平,anna.shirai@konicaminolta.com,東日本営業部,権田,希望,,,,,,,,,,,,,,,,,,,,,,
12926622,株式会社ＣＲＯＳＳＬＩＮＫ,,,,,,,,,X2,,,平野　圭祐,anna.shirai@konicaminolta.com,中日本営業部,服部,希望,,,,,,,,,,,,,,,,,,,,,,
12926880,株式会社ＣＣＧＨＯＮＡＮＤＯ,大阪府大阪市中央区南本町１－８－１４堺筋本町ビル５Ｆ,06-6262-0995,,,,30000000,35,,X1,,,服部　晃宏,anna.shirai@konicaminolta.com,西日本営業部,芝川,希望,,,,,,,,,,,,,,,,,,,,,,
12926649,株式会社高速オフセット,大阪府大阪市西区北堀江２－５－２４ＫＯＵＳＯＫＵ堀江ビル,06-6556-6500,印刷業,1986,https://www.kousoku-offset.co.jp/,91000000,362,,X2,,,山本　壮二郎,anna.shirai@konicaminolta.com,西日本営業部,清野,,,,56点,56点,,,,,,,,,,,,,,,,,,
12926986,株式会社高崎共同計算センター,,,,,,,,,X1,,,秋満　洋平,anna.shirai@konicaminolta.com,東日本営業部,大脇,希望,,,,,,,,,,,,,,,,,,,,,,
12926993,株式会社静和堂,東京都渋谷区代々木３－３９－４,03-3370-7181,,1939,https://www.seiwado.co.jp/about/gaiyo/,98000000,120,,X1,,,秋満　洋平,anna.shirai@konicaminolta.com,東日本営業部,権田,不要,,,,,,,,,,,,,,,,,,,,,,
12926992,株式会社青工,,,,,,,,,X1,,,木村　智弘,anna.shirai@konicaminolta.com,東日本営業部,大脇,,,,,,,,,,,,,,,,,,,,,,,
12926742,株式会社電算システム,岐阜県岐阜市日置江１－５８,058-279-3456,,,https://www.ds-hd.co.jp/,2469146000,717,12,X2,直販,,森　慎也,anna.shirai@konicaminolta.com,東日本営業部,権田,不要,,,,,,,,,,,,,,,,,,,,,,
12926750,株式会社陽幸社,東京都千代田区九段北１－６－４日新ビル,03-3264-1228,,1967,https://yokosya.co.jp/company-profile/company-overview/company.html,10000000,20,,X2,,新星コーポレーション,田上　直樹,anna.shirai@konicaminolta.com,東日本営業部,権田,不要,,,,,,,,,,,,,,,,,,,,,,
12926727,株式会社阿部紙工,,,,,,,,,X2,,,赤木　浩,anna.shirai@konicaminolta.com,東日本営業部,大脇,,,,,,,,,,,,,,,,,,,,,,,
12926983,株式会社金羊社,東京都大田区鵜の木２－８－４,03-3750-2107,,1926,https://www.kinyosha.co.jp/company,100000000,234,,X1,,,権田　陽一郎,anna.shirai@konicaminolta.com,東日本営業部,権田,希望,,,,,,,,,,,,,,,,,,,,,,
12926928,株式会社金沢シール,,,,,,,,,X1,,,山田　洋平,anna.shirai@konicaminolta.com,中日本営業部,服部,不要,,,,,,,,,,,,,,,,,,,,,,
12927004,株式会社野毛印刷社,神奈川県横浜市南区新川町１－２,045-252-2511,,,https://www.noge.co.jp/,10000000,74,,X1,,,田上　直樹,anna.shirai@konicaminolta.com,東日本営業部,権田,希望,,,,,,,,,,,,,,,,,,,,,,
12926991,株式会社誠晃印刷,東京都新宿区新小川町９－２２第１誠晃ビル,03-3269-1001,,,http://www.seiko-printing.com/summary.html,30000000,72,,X1,直販,,牧野　稜平,anna.shirai@konicaminolta.com,東日本営業部,権田,不要,,,,,,,,,,,,,,,,,,,,,,
12926651,株式会社西川印刷,,,,,,,,,X2,,,小林　洋介,anna.shirai@konicaminolta.com,西日本営業部,芝川,,,,,,,,,,,,,,,,,,,,,,,
12926816,株式会社若草印刷,,,,,,,,,X1,,,野村　志雄,anna.shirai@konicaminolta.com,東日本営業部,大脇,希望,,,,,,,,,,,,,,,,,,,,,,
12926734,株式会社耕文社,東京都品川区西品川１－８－１３,03-3490-5525,,,https://www.koubunsha.jp/company.html,82000000,40,,X2,,新星コーポレーション,田上　直樹,anna.shirai@konicaminolta.com,東日本営業部,権田,不要,,,,,,,,,,,,,,,,,,,,,,
12926990,株式会社精興社,東京都青梅市根ヶ布１－３８５,0428-22-3136,,,http://www.seikosha-p.co.jp/corporate/outline.html,100000000,130,,X1,,,牧野　稜平,anna.shirai@konicaminolta.com,東日本営業部,大脇,希望,,,,,,,,,,,,,,,,,,,,,,
12926817,株式会社精真社,,,,,,,,,X1,,,野村　志雄,anna.shirai@konicaminolta.com,東日本営業部,大脇,希望,,,,,,,,,,,,,,,,,,,,,,
12926818,株式会社第一印刷所,,,,,,,,,X1,,DICグラフィックス,川原　俊康,anna.shirai@konicaminolta.com,東日本営業部,大脇,不要,,,,,,,,,,,,,,,,,,,,,,
12926684,株式会社笠間製本印刷,,,,,,,,,X2,,,山田　洋平,anna.shirai@konicaminolta.com,中日本営業部,服部,希望,,,,,,,,,,,,,,,,,,,,,,
12926740,株式会社竹尾,東京都千代田区神田錦町３－１２－６,03-3292-3611,,1955,https://www.takeo.co.jp/,330000000,220,,X2,直販,,,anna.shirai@konicaminolta.com,東日本営業部,権田,不要,,,,,,,,,,,,,,,,,,,,,,
12926931,株式会社福井新聞印刷センター,,,,,,,,,X1,,,山田　洋平,anna.shirai@konicaminolta.com,中日本営業部,服部,希望,,,,,,,,,,,,,,,,,,,,,,
12968638,株式会社眞興社,東京都 渋谷区 猿楽町19-2,03-3462-1181,,1919,https://www.shinkousha.co.jp/company.html,11000000,,,,直販,,,yoichiro.gonda@konicaminolta.com,,権田,,,,,,ローランド4色ｘ２台、ハイデル2色機ｘ1台,,医療系出版社,,,,,,,,,,,,,,,
12926988,株式会社渋谷文泉閣,,,,,,,,,X1,,モリサワ,森　慎也,anna.shirai@konicaminolta.com,東日本営業部,大脇,希望,,,,,,,,,,,,,,,,,,,,,,
12926811,株式会社永昌堂,,,,,,,,,X1,,,内藤　洋介,anna.shirai@konicaminolta.com,東日本営業部,権田,希望,,,,,,,,,,,,,,,,,,,,,,
12926729,株式会社横田印刷,埼玉県上尾市領家１１５－１２,048-782-0011,,,http://www.yokota-print.co.jp/kaisyajoho.html,10000000,35,,X2,直販,,秋満　洋平,anna.shirai@konicaminolta.com,東日本営業部,権田,不要,,,,,,,,,,,,,,,,,,,,,,
12926855,株式会社東洋レーベル,京都府京都市右京区西京極畑田町８,075-314-2117,,,,10000000,95,,X1,,,加藤　哲平,anna.shirai@konicaminolta.com,西日本営業部,芝川,希望,,,,,,,,,,,,,,,,,,,,,,
12926743,株式会社東伸企画,東京都墨田区菊川３－１７－２アドン菊川１Ｆ,03-5638-1851,,,,15000000,33,,X2,,モトヤ,湯山　貴文,anna.shirai@konicaminolta.com,東日本営業部,大脇,不要,,,,,,,,,,,,,,,,,,,,,,
12926998,株式会社東京美術,東京都豊島区池袋本町３－３１－１５,03-3982-3111,,1960,https://www.tokyo-bijutsu.co.jp/,35000000,189,,X1,,,大脇　務,anna.shirai@konicaminolta.com,東日本営業部,大脇,不要,,,,,,,,,,,,,,,,,,,,,,
12926997,株式会社東京ポリエチレン印刷社,東京都板橋区若木２－３２－８,03-3934-3196,,1954,http://www.to-poly.co.jp/company/company.html,50000000,66,,X1,,,,anna.shirai@konicaminolta.com,東日本営業部,大脇,,,,,,,,,,,,,,,,,,,,,,,
12926728,株式会社杏林舎,東京都北区西ヶ原３－４６－１０,03-3910-4311,,1946,https://www.kyorin.co.jp/modules/company_profile/index.php?content_id=5,10000000,120,,X2,,,秋満　洋平,anna.shirai@konicaminolta.com,東日本営業部,大脇,希望,,,,,,,,,,,,,,,,,,,,,,
12926987,株式会社札幌メールサービス,,,,,,,,,X1,,モリサワ,木村　智弘,anna.shirai@konicaminolta.com,東日本営業部,大脇,,,,,,,,,,,,,,,,,,,,,,,
12926741,株式会社朝日プリンテック,東京都中央区築地５－３－２株式会社朝日新聞社東京本社ビル内,03-6278-5680,,,,100000000,598,,X2,直販,,,anna.shirai@konicaminolta.com,東日本営業部,権田,不要,,,,,,,,,,,,,,,,,,,,,,
12926821,株式会社朋ジェーエス・ピー,東京都港区新橋４－２１－３新橋東急ビル１１Ｆ,03-3433-8484,,1973,https://www.tomo-jsp.co.jp/company.html,80000000,132,,X1,,コニカミノルタNC,野村　志雄,anna.shirai@konicaminolta.com,東日本営業部,権田,希望,,,,,,,,,,,,,,,,,,,,,,
12926840,株式会社明新社,,,,,,,,,X1,,,杉山　博紀,anna.shirai@konicaminolta.com,中日本営業部,服部,希望,,,,,,,,,,,,,,,,,,,,,,
12926989,株式会社昇寿堂,東京都中央区新富１－８－６,03-3552-3631,,1948,http://www.shojudo.co.jp/company/index.html,40000000,50,,X1,,,秋満　洋平,anna.shirai@konicaminolta.com,東日本営業部,権田,希望,,,,,,,,,,,,,,,,,,,,,,
12926999,株式会社日進堂印刷所,福島県福島市庄野字柿場１－１,024-594-2211,,,https://www.nisshindo.jp/outline.html,60000000,155,,X1,,コニカミノルタNC,赤木　浩,anna.shirai@konicaminolta.com,東日本営業部,権田,,,,,,,,,,,,,,,,,,,,,,,
12926897,株式会社日興商会,兵庫県尼崎市東難波町５－１０－３０,06-6487-1411,,1946,https://nikko.bunguclub.co.jp/outline/?no=tab2,300000000,550,,X1,,,服部　晃宏,anna.shirai@konicaminolta.com,西日本営業部,芝川,希望,,,,,,,,,,,,,,,,,,,,,,
12926744,株式会社日本カラープロセス,東京都墨田区八広６－２９－１３,03-3618-4556,印刷業,1971,https://www.nihon-color.co.jp/about/profile/,30000000,60,,X2,,ウエノ,秋満　洋平,anna.shirai@konicaminolta.com,東日本営業部,大脇,希望,,,,,,,,,,,,,,,,,,,,,,
12926820,株式会社日刊スポーツＰＲＥＳＳ,東京都中央区築地３－５－１０,03-5550-8200,,1952,https://www.nikkansp.co.jp/company/profile.html,100000000,321,,X1,,SHITARA,川原　俊康,anna.shirai@konicaminolta.com,東日本営業部,権田,不要,,,,,,,,,,,,,,,,,,,,,,
12926737,株式会社新藤慶昌堂,東京都江戸川区松江７－６－１８,03-5656-7940,,,https://www.shindo.co.jp/about/,15000000,151,,X2,,小森コーポレーション,田上　直樹,anna.shirai@konicaminolta.com,東日本営業部,大脇,希望,,,,,,,,,,,,,,,,,,,,,,
12926650,株式会社新生社印刷,,,,,,,,,X2,,,小林　洋介,anna.shirai@konicaminolta.com,西日本営業部,芝川,,,,,,,,,,,,,,,,,,,,,,,
12927002,株式会社文星閣,東京都大田区昭和島１－５－３２,03-3763-8370,,,https://www.bunseikaku.co.jp/about-us/,72000000,98,,X1,,,湯山　貴文,anna.shirai@konicaminolta.com,東日本営業部,権田,希望,,,,,,,,,,,,,,,,,,,,,,
12926981,株式会社技秀堂,東京都荒川区西日暮里２－３６－１５,03-3803-8511,,1955,http://www.gishudo.co.jp/company/outline.html,20000000,75,,X1,,,田上　直樹,anna.shirai@konicaminolta.com,東日本営業部,大脇,不要,,,,,,,,,,,,,,,,,,,,,,
12926984,株式会社恵和ビジネス,,,,,,,,,X1,,,木村　智弘,anna.shirai@konicaminolta.com,東日本営業部,大脇,,,,,,,,,,,,,,,,,,,,,,,
12926813,株式会社広英社印刷,埼玉県川口市江戸１－１２－１,048-286-2431,,,https://www.koeisha-net.co.jp/company/insatu/,10000000,70,,X1,,小森コーポレーション,田上　直樹,anna.shirai@konicaminolta.com,東日本営業部,権田,希望,,,,,,,,,,,,,,,,,,,,,,
12926733,株式会社広済堂ネクスト,東京都港区芝浦１－２－３シーバンスＳ館１３Ｆ,03-3453-0556,,2021,https://www.kosaido-next.co.jp/outline/,100000000,422,,X2,直販,,森　慎也,anna.shirai@konicaminolta.com,東日本営業部,権田,不要,,IS29,,,,,,,,,,,,,,,,,,,,
12926747,株式会社平賀,東京都練馬区豊玉北３－２０－２,03-3991-4541,印刷業,1956,https://www.pp-hiraga.co.jp/,434319000,298,3,X2,,小森コーポレーション,田上　直樹,anna.shirai@konicaminolta.com,東日本営業部,大脇,不要,,,,,,,,,,,,,,,,,,,,,,
12927003,株式会社平河工業社,東京都新宿区新小川町３－９,03-3269-4111,,1953,https://www.hirakawa-kogyosha.co.jp/company,293750000,150,,X1,,小森コーポレーション,権田　陽一郎,anna.shirai@konicaminolta.com,東日本営業部,権田,不要,,,,,,,,,,,,,,,,,,,,,,
12926745,株式会社帆風,東京都新宿区下宮比町２－２９,03-5229-8200,,1980,https://www.vanfu.co.jp/vf/corporate/profile.html,100000000,450,,X2,直販,,,anna.shirai@konicaminolta.com,東日本営業部,権田,希望,,,,,,,,,,,,,,,,,,,,,,
12926838,株式会社山越,,,,,,,,,X1,,,山田　洋平,anna.shirai@konicaminolta.com,中日本営業部,服部,希望,,,,,,,,,,,,,,,,,,,,,,
12926735,株式会社山櫻,東京都中央区新富２－４－７,03-5543-6311,,1948,http://www.yamazakura.co.jp/,80000000,505,,X2,直販,,,anna.shirai@konicaminolta.com,東日本営業部,権田,希望,,,,,,,,,,,,,,,,,,,,,,
12926686,株式会社小松総合印刷,,,,,,,,,X2,,,篭橋　宏憲,anna.shirai@konicaminolta.com,中日本営業部,服部,希望,,,,,,,,,,,,,,,,,,,,,,
12926689,株式会社富山フォーム印刷,,,,,,,,,X2,,,山田　洋平,anna.shirai@konicaminolta.com,中日本営業部,服部,希望,,,,,,,,,,,,,,,,,,,,,,
12926930,株式会社富士印刷,富山県富山市神通本町２－１－１５,076-432-2434,,,,10000000,15,,X1,,,山田　洋平,anna.shirai@konicaminolta.com,中日本営業部,服部,希望,,,,,,,,,,,,,,,,,,,,,,
12926738,株式会社太陽堂印刷所,千葉県千葉市中央区末広１－４－２７,043-222-1121,,1948,https://www.taiyodoprinting.co.jp/company/company-profile/,80000000,39,,X2,,ムサシ,市田　貴紀,anna.shirai@konicaminolta.com,東日本営業部,権田,不要,,,,,,,,,,,,,,,,,,,,,,
12926996,株式会社太洋社印刷所,埼玉県大里郡寄居町寄居１０６９,048-581-0022,,1925,https://www.taiyosha-insatsu.co.jp/company/,24000000,192,,X1,,,,anna.shirai@konicaminolta.com,東日本営業部,権田,,,,,,,,,,,,,,,,,,,,,,,
12926653,株式会社天理時報社,,,,,,,,,X2,,モトヤ,辻本　竜也,anna.shirai@konicaminolta.com,西日本営業部,芝川,希望,,,,,,,,,,,,,,,,,,,,,,
12926929,株式会社大西印刷,,,,,,,,,X1,,,山田　洋平,anna.shirai@konicaminolta.com,中日本営業部,服部,希望,,,,,,,,,,,,,,,,,,,,,,
12926739,株式会社大東,千葉県松戸市千駄堀１７９６－２,047-347-1513,,,https://daito-pr.co.jp/company/outline/,20000000,59,,X2,,モトヤ,湯山　貴文,anna.shirai@konicaminolta.com,東日本営業部,権田,希望,,,,,,,,,,,,,,,,,,,,,,
12926628,株式会社大幸,,,,,,,,,X2,,,篭橋　宏憲,anna.shirai@konicaminolta.com,中日本営業部,服部,希望,,,,,,,,,,,,,,,,,,,,,,
12926652,株式会社大宣システムサービス,大阪府大阪市中央区博労町３－６－１御堂筋ＳＧビル９Ｆ,06-6241-7741,,,https://www.daisen-s-s.co.jp/outline/,20000000,61,,X2,,,山本　壮二郎,anna.shirai@konicaminolta.com,西日本営業部,芝川,,,,52点,52点,,,,,,,,,,,,,,,,,,
12926685,株式会社国府印刷社,,,,,,,,,X2,販売店,シンクグロー,山田　洋平,anna.shirai@konicaminolta.com,中日本営業部,白井,希望,,"C1070
PRESS1250
PRESS6120
C4080×２
in2site BtoC版
AccurioShine×２",,,,,豪華客船,,,,,,印刷に注力したい,"直近３年は印刷を注力していきたい。
推し活関係の仕事を増やしていきたい。
ピッキングの仕事も積極的に受注できないかと考えている。
３年後のビジネスはフランチャイズでも良いし、人通りが多い場所に店舗を構えられそうであるためこの人通りの多さを活用してかビジネスになれれば。有定社長のお兄さんのビジネスである越前和紙も事業も手伝っていきたい","オフセット９割
オンデマンド１割の売上比率",,驚きと感動を提供できるようなアイディア、デザイン力。,価格競争に巻き込まれている,,,,"注目される会社にはなりたい。印刷業においては難しいと考えている。あえてメディアに取り上げてもらえるような（地域貢献、寄付）ことはしていきたい。
最近は展示会に出ているため、地元に目を向けられていないため、物産展なども参加して地域に根付いた商材を出してみようと思っている。"
12926749,株式会社友功社,東京都練馬区谷原３－２４－１,03-3996-5333,,,http://www.yukousha.com/company/outline.html,10000000,107,,X2,,,萬寿　正裕,anna.shirai@konicaminolta.com,東日本営業部,大脇,,,,,,,,,,,,,,,,,,,,,,,
12927000,株式会社博進堂,,,,,,,,,X1,,,川原　俊康,anna.shirai@konicaminolta.com,東日本営業部,大脇,不要,,,,,,,,,,,,,,,,,,,,,,
12926994,株式会社千修,東京都千代田区九段北４－２－４,03-3261-8411,,,https://www.senshu-g.co.jp/,90000000,140,,X1,,,牧野　稜平,anna.shirai@konicaminolta.com,東日本営業部,権田,不要,,,,,,,,,,,,,,,,,,,,,,
12926995,株式会社千代田グラビヤ,東京都品川区大崎１－１８－１６千代田グラビヤ本館,03-3492-5311,,1948,https://www.chiyogra.co.jp/company/profile,100000000,382,,X1,,,内藤　洋介,anna.shirai@konicaminolta.com,東日本営業部,大脇,不要,,,,,,,,,,,,,,,,,,,,,,
12926932,株式会社北陸サンライズ,,,,,,,,,X1,,,山田　洋平,anna.shirai@konicaminolta.com,中日本営業部,服部,希望,,,,,,,,,,,,,,,,,,,,,,
12926822,株式会社北都,,,,,,,,,X1,,,川原　俊康,anna.shirai@konicaminolta.com,東日本営業部,大脇,希望,,,,,,,,,,,,,,,,,,,,,,
12926898,株式会社北星社,兵庫県豊岡市上佐野１６２０,0796-22-4141,,1953,https://www.robo.co.jp/about-us/data/,20000000,213,,X1,,,服部　晃宏,anna.shirai@konicaminolta.com,西日本営業部,芝川,希望,,,,,,,,,,,,,,,,,,,,,,
12926748,株式会社北斗社,東京都文京区大塚３－３８－１０,03-3944-3000,,1949,https://www.hoku.co.jp/corporate/,20000000,65,,X2,直販,,森　慎也,anna.shirai@konicaminolta.com,東日本営業部,大脇,不要,,,,,,,,,,,,,,,,,,,,,,
12926730,株式会社加藤文明社,東京都千代田区神田三崎町２－１５－６Ｋ－ＳＴＡＧＥ,03-3261-8520,,1914,https://www.bunmeisha.co.jp/company#overview,50000000,160,,X2,,ソオエイor誠伸,内藤　洋介,anna.shirai@konicaminolta.com,東日本営業部,権田,不要,,,,,,,,,,,,,,,,,,,,,,
12926895,株式会社創舎,,,,,,,,,X1,,,橋本　貴弘,anna.shirai@konicaminolta.com,西日本営業部,芝川,希望,,,,,,,,,,,,,,,,,,,,,,
12926893,株式会社写真化学,京都府京都市中京区烏丸通二条下ル秋野々町５１８前田エスエヌビル４Ｆ,075-254-7724,,1934,https://www.shashin-kagaku.co.jp/profile.html,498000000,223,,X1,,,上原　元二,anna.shirai@konicaminolta.com,西日本営業部,芝川,希望,,,,,,,,,,,,,,,,,,,,,,
12926982,株式会社共進ペイパー＆パッケージ,兵庫県神戸市中央区元町通６－１－６,078-341-1741,,1961,https://www.kyoshin-pk.co.jp/overview/index.html,450000000,231,,X1,,,内藤　洋介,anna.shirai@konicaminolta.com,東日本営業部,権田,不要,,,,,,,,,,,,,,,,,,,,,,
12926927,株式会社共立アイコム,静岡県藤枝市高柳１－１７－２３,054-635-4651,,,https://www.kpnet.co.jp/,50000000,96,,X1,,,平野　圭祐,anna.shirai@konicaminolta.com,中日本営業部,服部,希望,,,,,,,,,,,,,,,,,,,,,,"電通のようになっていきたい。国会で話したものは市に落ちていく。
国会で話したものをあらかじめ想定してスキームを作れるような動きをしていきたい。"
12926731,株式会社共栄メディア,東京都新宿区改代町１６共栄本社ビル,03-3267-6068,,,,20000000,90,,X2,,ソオエイ,内藤　洋介,anna.shirai@konicaminolta.com,東日本営業部,権田,不要,,,,,,,,,,,,,,,,,,,,,,
12926688,株式会社八幡ねじ,愛知県北名古屋市山之腰天神東１８,0568-22-2629,,1953,https://yht.co.jp/company/,20000000,260,,X2,,,篭橋　宏憲,anna.shirai@konicaminolta.com,中日本営業部,服部,希望,,,,,,,,,,,,,,,,,,,,,,
12927001,株式会社八光社,東京都板橋区中丸町４３－８,03-3973-7531,,,http://www.hakko-sha.co.jp/company.html,30000000,46,,X1,,誠伸商事,秋満　洋平,anna.shirai@konicaminolta.com,東日本営業部,大脇,不要,,,,,,,,,,,,,,,,,,,,,,
13001423,株式会社光陽社,東京都 文京区 湯島2-16-16ヒラヤマビルディング,03-5615-9061,印刷業,1949,https://www.koyosha-inc.co.jp/index.html,100000000,192,3,,,,,,,,,,,,,,,,,,,,,,,,,,,,,,
12926732,株式会社光陽メディア,東京都新宿区築地町８,03-3260-4530,,,https://koyo-net.co.jp/company/overview.html,100000000,105,,X2,,モトヤ,湯山　貴文,anna.shirai@konicaminolta.com,東日本営業部,権田,希望,,,,,,,,,,,,,,,,,,,,,,
12926985,株式会社光邦,東京都板橋区東山町５２－１８,03-3974-3044,,,,10000000,,,X1,,,内藤　洋介,anna.shirai@konicaminolta.com,東日本営業部,大脇,希望,,,,,,,,,,,,,,,,,,,,,,
13044805,株式会社倉業サービス,埼玉県 入間郡 三芳町藤久保932-1,,,,http://www.sougyo.co.jp/about/company.html,,,,,直販,,,yoichiro.gonda@konicaminolta.com,東日本営業部,権田,希望,強い,,,,,,,,,,,,,,,,,,,,,
12926894,株式会社伸和,福岡県福岡市東区社領２－７－４,092-621-7131,,1971,https://printing-shinwa.co.jp/about,16000000,110,,X1,,,水田　仁,anna.shirai@konicaminolta.com,西日本営業部,芝川,希望,,,,,,,,,,,,,,,,,,,,,,
12926853,株式会社伊予マーク,,,,,,,,,X1,,,岩谷　雄司,anna.shirai@konicaminolta.com,西日本営業部,芝川,,,,,,,,,,,,,,,,,,,,,,,
12926648,株式会社京都新聞印刷,京都府京都市中京区烏丸通夷川北入ル少将井町２３９,075-241-5982,,,,10000000,58,,X2,,サカタインクス,西浦　公郎,anna.shirai@konicaminolta.com,西日本営業部,清野,不要,,,52点,54点,,,,,,,,,,,,,,,,,,
12926810,株式会社井上総合印刷,,,,,,,,,X1,,,野村　志雄,anna.shirai@konicaminolta.com,東日本営業部,大脇,希望,,,,,,,,,,,,,,,,,,,,,,
12926854,株式会社丸加,,,,,,,,,X1,,,前　宏夫,anna.shirai@konicaminolta.com,西日本営業部,芝川,,,,,,,,,,,,,,,,,,,,,,,
12926687,株式会社中川印刷,,,,,,,,,X2,,,山田　洋平,anna.shirai@konicaminolta.com,中日本営業部,服部,不要,,,,,,,,,,,,,,,,,,,,,,
12926896,株式会社中島弘文堂印刷所,大阪府大阪市東成区深江南２－６－８,06-6976-8761,,,http://www.n-kobundo.co.jp/company/,20000000,84,,X1,,,山本　壮二郎,anna.shirai@konicaminolta.com,西日本営業部,芝川,希望,,,,,,,,,,,,,,,,,,,,,,
12926819,株式会社中央製版,,,,,,,,,X1,,ヤマトヤ,川原　俊康,anna.shirai@konicaminolta.com,東日本営業部,大脇,不要,,,,,,,,,,,,,,,,,,,,,,
12926746,株式会社不二レーベル,埼玉県所沢市林１－３３１－８,04-2938-7690,,,https://www.fuji-label.co.jp/company/index.html,92000000,149,,X2,直販,,牧野　稜平,anna.shirai@konicaminolta.com,東日本営業部,権田,不要,,,,,,,,,,,,,,,,,,,,,,
12926812,株式会社下野新聞印刷センター,,,,,,,,,X1,,新星コーポレーション,野村　志雄,anna.shirai@konicaminolta.com,東日本営業部,大脇,希望,,,,,,,,,,,,,,,,,,,,,,
12926736,株式会社上野印刷所,東京都江東区亀戸５－４２－１５,03-3636-6311,,1952,https://www.ueno-p.co.jp/gai.html,30000000,34,,X2,,モトヤ,湯山　貴文,anna.shirai@konicaminolta.com,東日本営業部,大脇,不要,,,,,,,,,,,,,,,,,,,,,,
12926815,株式会社三進社,東京都品川区西五反田４－２８－１３,03-3495-5556,,1977,https://www.sanshin-sya.co.jp/company/,10000000,94,,X1,,SHITARA,湯山　貴文,anna.shirai@konicaminolta.com,東日本営業部,大脇,希望,,,,,,,,,,,,,,,,,,,,,,
12926814,株式会社三祥印刷,東京都荒川区荒川５－３１－８,03-3810-1821,,,,40000000,78,,X1,,モトヤ,田上　直樹,anna.shirai@konicaminolta.com,東日本営業部,大脇,希望,,,,,,,,,,,,,,,,,,,,,,
12926980,株式会社ワコー,東京都千代田区飯田橋３－１１－７,03-3230-2511,,1959,https://waco.tokyo/company/,80000000,133,,X1,,モリサワ/小森,湯山　貴文,anna.shirai@konicaminolta.com,東日本営業部,権田,希望,,,,,,,,,,,,,,,,,,,,,,
12926726,株式会社リーブルテック,東京都北区堀船１－２８－１,03-3927-6411,,1909,https://www.livretech.co.jp/company.html,50000000,376,,X2,直販,,,anna.shirai@konicaminolta.com,東日本営業部,大脇,不要,,,,,,,,,,,,,,,,,,,,,,
12926979,株式会社ラベルジャパン,東京都荒川区荒川８－５－１４,03-3803-8741,,,http://www.label-japan.co.jp/company.html,19000000,47,,X1,,モトヤ,牧野　稜平,anna.shirai@konicaminolta.com,東日本営業部,大脇,不要,,,,,,,,,,,,,,,,,,,,,,
12926725,株式会社ラクスルファクトリー,東京都江東区枝川１－１０－２４,,,,,1000000,51,,X2,,モリサワ,森　慎也,anna.shirai@konicaminolta.com,東日本営業部,大脇,希望,,,,,,,,,,,,,,,,,,,,,,
12926978,株式会社ヨシダ,埼玉県さいたま市北区吉野町１－４６－１,048-662-7671,,1977,http://yoshida-ms.jp/company/outline.html,10000000,118,,X1,,,秋満　洋平,anna.shirai@konicaminolta.com,東日本営業部,権田,不要,,,,,,,,,,,,,,,,,,,,,,
12926809,株式会社ユー・コーポレーション,,,,,,,,,X1,,,野村　志雄,anna.shirai@konicaminolta.com,東日本営業部,大脇,希望,,,,,,,,,,,,,,,,,,,,,,
12926724,株式会社ユーメディア,,,,,,,,,X2,,,赤木　浩,anna.shirai@konicaminolta.com,東日本営業部,大脇,,,,,,,,,,,,,,,,,,,,,,,
12926892,株式会社ユニックス,,,,,,,,,X1,,,橋本　貴弘,anna.shirai@konicaminolta.com,西日本営業部,芝川,希望,,,,,,,,,,,,,,,,,,,,,,
12926723,株式会社メイワパックス,大阪府柏原市円明町８８８－１,050-3821-6845,,1966,http://www.meiwa.mpx-group.jp/company/outline.html,350000000,803,,X2,,山櫻,,anna.shirai@konicaminolta.com,東日本営業部,権田,不要,,,,,,,,,,,,,,,,,,,,,,
12926977,株式会社ムラカミ,東京都墨田区横川５－３－１０,03-3625-8201,,1965,https://www.murakami.co.jp/company/overview/,100000000,110,,X1,,,,anna.shirai@konicaminolta.com,東日本営業部,大脇,,,,,,,,,,,,,,,,,,,,,,,
12926647,株式会社ミヤギパッケージ,,,,,,,,,X2,,,和田　剛史,anna.shirai@konicaminolta.com,西日本営業部,芝川,,,,,,,,,,,,,,,,,,,,,,,
12926976,株式会社ミニカラー,東京都千代田区神田佐久間町３－２３スタウトビル５Ｆ,03-3862-0626,,1980,https://www.minicolor.co.jp/profile/,25000000,80,,X1,,,内藤　洋介,anna.shirai@konicaminolta.com,東日本営業部,権田,希望,,,,,,,,,,,,,,,,,,,,,,
12926722,株式会社マヒト,埼玉県春日部市米島１１８６－１５１,050-2018-7598,,2010,https://mahito.co.jp/company/,18000000,37,,X2,,,秋満　洋平,anna.shirai@konicaminolta.com,東日本営業部,白井,不要,,,,,,,,,,,,,,,,,,,,,,
12926852,株式会社マツモト,福岡県北九州市門司区社ノ木１－２－１,093-371-0298,写真業,1932,https://www.matsumoto-inc.co.jp/company_profile.html,100000000,181,4,X1,,,和田　剛史,anna.shirai@konicaminolta.com,西日本営業部,芝川,,,,,,,,,,,,,,,,,,,,,,,
12926975,株式会社ボンマーク,東京都目黒区上目黒３－２－３りそな目黒ビル４Ｆ,03-3719-2321,,,http://www.bon-mark.com/company.html,10000000,92,,X1,,立商,,anna.shirai@konicaminolta.com,東日本営業部,権田,,,,,,,,,,,,,,,,,,,,,,,
12926974,株式会社ホワイトカンパニー,,,,,,,,,X1,,,木村　智弘,anna.shirai@konicaminolta.com,東日本営業部,大脇,,,,,,,,,,,,,,,,,,,,,,,
12971243,株式会社ホクシン,神奈川県 川崎市 中原区 木月住吉町22-3,044-433-3251,,,http://www.hok.co.jp/guide.shtml,10000000,,,,直販,,,,,,,,,,,,,,,,,,,,,,,,,,,,
12926634,株式会社プロセスセンター,,,,,,,,,X2,,,平野　圭祐,anna.shirai@konicaminolta.com,中日本営業部,服部,希望,,,,,,,,,,,,,,,,,,,,,,
12926890,株式会社プレミアム,,,,,,,,,X1,,,岩谷　雄司,anna.shirai@konicaminolta.com,西日本営業部,芝川,希望,,,,,,,,,,,,,,,,,,,,,,
12926839,株式会社プレストーク,〒460-0008 愛知県名古屋市中区栄2丁目2番17号 名古屋情報センタービル1階　　,052-232-2358,,,,,,,X1,販売店,モリサワ,杉山　博紀,anna.shirai@konicaminolta.com,中日本営業部,服部,希望,,"FFBI,CANON機",,,,,店頭販売,,,,,,,,,カラー商業印刷,,人材不足,特になし。,,,
12926646,株式会社プリントパック,京都府向日市森本町野田３－１,075-757-6700,,,http://www.printpac.co.jp/contents/corpinfo.html,98000000,350,,X2,直販,,上原　元二,anna.shirai@konicaminolta.com,西日本営業部,芝川,不要,,,59点,56点,,,,,,,,,,,,,,,,,,
12926721,株式会社プリントハウス,,,,,,,,,X2,,光文堂,萬寿　正裕,anna.shirai@konicaminolta.com,東日本営業部,大脇,,,,,,,,,,,,,,,,,,,,,,,
12926973,株式会社プリプレス・センター,,,,,,,,,X1,,,木村　智弘,anna.shirai@konicaminolta.com,東日本営業部,大脇,,,,,,,,,,,,,,,,,,,,,,,
12926850,株式会社プライム・ハラ,,,,,,,,,X1,,,岩谷　雄司,anna.shirai@konicaminolta.com,西日本営業部,芝川,,,,,,,,,,,,,,,,,,,,,,,
12926891,株式会社ブンカ,大阪府大阪市城東区古市１－１５－８,06-6934-8889,,1948,https://e-bunka.biz/company/outline/,10000000,87,,X1,,,山本　壮二郎,anna.shirai@konicaminolta.com,西日本営業部,芝川,希望,,,,,,,,,,,,,,,,,,,,,,
12926851,株式会社ブロス,,,,,,,,,X1,,,前　宏夫,anna.shirai@konicaminolta.com,西日本営業部,芝川,,,,,,,,,,,,,,,,,,,,,,,
12926645,株式会社フジプラス,大阪府大阪市北区南森町１－２－２８,06-6312-0333,,,https://fujiplus.jp,89000000,152,,X2,,,山本　壮二郎,anna.shirai@konicaminolta.com,西日本営業部,芝川,,,,57点,53点,,,,,,,,,,,,,,,,,,
12926720,株式会社フォーワテック・ジャパン,,,,,,,,,X2,直販,,川原　俊康,anna.shirai@konicaminolta.com,東日本営業部,大脇,希望,,,,,,,,,,,,,,,,,,,,,,
12926631,株式会社ピアリー,,,,,,,,,X2,,,杉山　博紀,anna.shirai@konicaminolta.com,中日本営業部,服部,希望,,,,,,,,,,,,,,,,,,,,,,
12926971,株式会社ビー・シー・シー,東京都港区浜松町２－４－１世界貿易センタービル南館５Ｆ,03-3435-5487,,1969,https://www.bccweb.co.jp/description/index.html,17250000,23,,X1,,MBS（ムサシ）,野津　太郎,anna.shirai@konicaminolta.com,東日本営業部,権田,希望,,,,,,,,,,,,,,,,,,,,,,
12926972,株式会社ビジネス・インフオメイシヨン・トレイデイング,東京都新宿区新宿５－１１－２２中島ビル４Ｆ,03-3352-7338,,2020,https://brr.co.jp/,10000000,57,,X1,,光文堂・フカミヤ,川原　俊康,anna.shirai@konicaminolta.com,東日本営業部,権田,希望,,,,,,,,,,,,,,,,,,,,,,
12926926,株式会社ニッポー,富山県富山市上冨居１－３－１５,076-471-6300,,,http://www.p-nippo.jp/company/,48000000,91,,X1,,,山田　洋平,anna.shirai@konicaminolta.com,中日本営業部,服部,希望,,,,,,,,,,,,,,,,,,,,,,
12968657,株式会社ニシカワ印刷,埼玉県 狭山市 笹井671-1,04-2908-2400,,,https://www.nishikawa-gr.com/nishikawa_printing/profile/,350000,98,,,,,,,,,,,,,,,,,,,,,,,,,,,,,,,
12926967,株式会社トーツヤ・エコー,埼玉県戸田市笹目北町１３－２,048-421-2256,,1987,https://www.totsuya-echo.jp/company/profile.html,95000000,108,,X1,,,野津　太郎,anna.shirai@konicaminolta.com,東日本営業部,権田,希望,,,,,,,,,,,,,,,,,,,,,,
12926966,株式会社トーエイ,東京都豊島区南池袋２－４５－４としまエコミューゼタウン２Ｆ,03-3983-6151,,1962,https://www.toei2000.co.jp/about/company/#access,24000000,50,,X1,,,内藤　洋介,anna.shirai@konicaminolta.com,東日本営業部,大脇,希望,,,,,,,,,,,,,,,,,,,,,,
12926970,株式会社トップ,静岡県静岡市清水区鳥坂２４５,0543-49-1100,,,http://www.kktop.co.jp/corporate.html#corp03,98000000,95,,X1,,,田上　直樹,anna.shirai@konicaminolta.com,東日本営業部,権田,不要,,,,,,,,,,,,,,,,,,,,,,
12926969,株式会社トッパンパッケージプロダクツ,東京都台東区台東１－５－１,03-3835-6311,,2009,https://www.toppan-products.jp/tpp/corporateinfo/,100000000,1944,,X1,,新星コーポレーション,権田　陽一郎,anna.shirai@konicaminolta.com,東日本営業部,大脇,希望,,,,,,,,,,,,,,,,,,,,,,
12926643,株式会社トッパンコミュニケーションプロダクツ,埼玉県新座市野火止７－２１－３３,048-482-4602,,,https://www.toppan-c.co.jp/company/,100000000,4116,,X2,,,山本　壮二郎,anna.shirai@konicaminolta.com,西日本営業部,芝川,,,,57点,56点,,,,,,,,,,,,,,,,,,
12926644,株式会社トッパンコミュニケーションプロダクツ,埼玉県新座市野火止７－２１－３３,048-482-4602,,,https://www.toppan-c.co.jp/company/,100000000,4116,,X2,,,小林　洋介,anna.shirai@konicaminolta.com,西日本営業部,芝川,,,,57点,56点,,,,,,,,,,,,,,,,,,
12926719,株式会社トッパンコミュニケーションプロダクツ,埼玉県新座市野火止７－２１－３３,048-482-4602,,,https://www.toppan-c.co.jp/company/,100000000,4116,,X2,直販,,,anna.shirai@konicaminolta.com,東日本営業部,権田,希望,,,,,,,,,,,,,,,,,,,,,,
12926642,株式会社トッパングラフィックコミュニケーションズ,東京都板橋区志村１－１１－１,03-3968-5046,,2003,http://www.toppan-tgc.co.jp/company/,100000000,1952,,X2,,,加藤　哲平,anna.shirai@konicaminolta.com,西日本営業部,芝川,不要,,,56点,54点,,,,,,,,,,,,,,,,,,
12926968,株式会社トッパンインフォメディア,東京都港区芝浦３－１９－２６トッパン芝浦ビル,03-6367-5550,,1972,https://www.toppan-im.co.jp/corporate/outline/,500000000,590,,X1,,,権田　陽一郎,anna.shirai@konicaminolta.com,東日本営業部,権田,希望,,,,,,,,,,,,,,,,,,,,,,
12926718,株式会社デザインフィル,東京都渋谷区恵比寿１－１９－１９恵比寿ビジネスタワー９Ｆ,03-5789-8051,,1950,https://www.designphil.co.jp/corporation/about.html,80000000,202,,X2,,小森コーポレーション,田上　直樹,anna.shirai@konicaminolta.com,東日本営業部,権田,不要,,,,,,,,,,,,,,,,,,,,,,
12926635,株式会社デキューブ,,,,,,,,,X2,,,篭橋　宏憲,anna.shirai@konicaminolta.com,中日本営業部,服部,希望,,,,,,,,,,,,,,,,,,,,,,
12926965,株式会社テンプリント,東京都千代田区富士見１－１２－１Ｑ－ＤＡＮ１９９１ビル,03-3263-5677,,,,92240000,29,,X1,,,野津　太郎,anna.shirai@konicaminolta.com,東日本営業部,権田,希望,,,,,,,,,,,,,,,,,,,,,,
12926717,株式会社ダイヤモンド・グラフィック社,東京都千代田区二番町１１－１９興和二番町ビル６Ｆ,03-5226-7300,,,http://www.diamond-gra.co.jp/company,30000000,37,,X2,,新星コーポレーション,田上　直樹,anna.shirai@konicaminolta.com,東日本営業部,権田,不要,,,,,,,,,,,,,,,,,,,,,,
12926964,株式会社タナカ,,,,,,,,,X1,,,内藤　洋介,anna.shirai@konicaminolta.com,東日本営業部,大脇,不要,,,,,,,,,,,,,,,,,,,,,,
12926963,株式会社タカヨシ,,,,,,,,,X1,,,川原　俊康,anna.shirai@konicaminolta.com,東日本営業部,大脇,希望,,,,,,,,,,,,,,,,,,,,,,
12926962,株式会社ソノコム,東京都目黒区目黒本町２－１５－１０,03-3716-4101,電子デバイス製造業,1962,https://www.sonocom.co.jp/ja/company/company.html,925750000,109,3,X1,,ヤマトヤ商会　コニカミノルタNC,,anna.shirai@konicaminolta.com,東日本営業部,権田,,,,,,,,,,,,,,,,,,,,,,,
12926961,株式会社ゼンリンマーケティングソリューションズ,東京都千代田区神田淡路町２－１０５ワテラスアネックス９Ｆ,03-6384-0788,,2020,https://www.zenrin-ms.co.jp/company/,100000000,100,,X1,,,湯山　貴文,anna.shirai@konicaminolta.com,東日本営業部,権田,希望,,,,,,,,,,,,,,,,,,,,,,
12926889,株式会社ゼンリンプリンテックス,福岡県北九州市門司区松原３－５－８,093-372-3333,,1947,https://zpx.co.jp/company-information/,92000000,285,,X1,,一誠社,和田　剛史,anna.shirai@konicaminolta.com,西日本営業部,芝川,希望,,,,,,,,,,,,,,,,,,,,,,
12926641,株式会社ゼネラルアサヒ,福岡県糟屋郡粕屋町柚須９４,092-611-8311,,,,100000000,621,,X2,,,小林　洋介,anna.shirai@konicaminolta.com,西日本営業部,清野,,,,72点,72点,,,,,,,,,,,,,,,,,,
12926716,株式会社セントラルプロフィックス,東京都中央区湊３－１－１３,03-3555-0671,,,https://www.central-p.co.jp/,18000000,160,,X2,直販,,内藤　洋介,anna.shirai@konicaminolta.com,東日本営業部,権田,希望,,,,,,,,,,,,,,,,,,,,,,
12926960,株式会社セトプリント,神奈川県小田原市久野４７０－６,0465-34-3211,,,http://www.setoprint.jp/company.html,10000000,21,,X1,,誠伸商事,牧野　稜平,anna.shirai@konicaminolta.com,東日本営業部,権田,希望,,,,,,,,,,,,,,,,,,,,,,
12926959,株式会社スリーライト,東京都中央区日本橋久松町５－６イマスビル,03-5640-5430,,1987,https://www.threelight.co.jp/outline/,36000000,90,,X1,,,秋満　洋平,anna.shirai@konicaminolta.com,東日本営業部,権田,不要,,,,,,,,,,,,,,,,,,,,,,
12926958,株式会社スバルグラフィック,東京都中野区野方４－２０－４昴ビル,03-5345-8700,,1988,https://subaru-g.co.jp/company,10000000,85,,X1,,,内藤　洋介,anna.shirai@konicaminolta.com,東日本営業部,大脇,希望,,,,,,,,,,,,,,,,,,,,,,
12926886,株式会社ジーエークロッシング,兵庫県神戸市東灘区住吉東町５－１－３４,078-821-2109,,,,75000000,134,,X1,,,服部　晃宏,anna.shirai@konicaminolta.com,西日本営業部,芝川,希望,,,,,,,,,,,,,,,,,,,,,,
12926957,株式会社ジャパン・スリーブ,東京都墨田区両国３－２１－１１,03-5625-2161,,1968,https://www.japansleeve.co.jp/about/about.html,205000000,212,,X1,,ソオエイ,秋満　洋平,anna.shirai@konicaminolta.com,東日本営業部,大脇,不要,,,,,,,,,,,,,,,,,,,,,,
12926887,株式会社シーネット,,,,,,,,,X1,,,岩谷　雄司,anna.shirai@konicaminolta.com,西日本営業部,芝川,希望,,,,,,,,,,,,,,,,,,,,,,
12926683,株式会社ショセキ,,,,,,,,,X2,,,山田　洋平,anna.shirai@konicaminolta.com,中日本営業部,清野,希望,,,,,,,,,,,,,,,,,,,,,,
12926925,株式会社シイエム・シイ,愛知県名古屋市中区平和１－１－１９,052-322-3351,販促・マーケティング支援サービス業,1962,https://www.cmc.co.jp/corporate/information/,657610000,401,9,X1,,,篭橋　宏憲,anna.shirai@konicaminolta.com,中日本営業部,服部,希望,,,,,,,,,,,,,,,,,,,,,,
12926956,株式会社サンメック,,,,,,,,,X1,,,川原　俊康,anna.shirai@konicaminolta.com,東日本営業部,大脇,希望,,,,,,,,,,,,,,,,,,,,,,
12926715,株式会社サンニチ印刷,,,,,,,,,X2,,光文堂,川原　俊康,anna.shirai@konicaminolta.com,東日本営業部,大脇,希望,,,,,,,,,,,,,,,,,,,,,,
12926849,株式会社サンタック,,,,,,,,,X1,,,橋本　貴弘,anna.shirai@konicaminolta.com,西日本営業部,芝川,,,,,,,,,,,,,,,,,,,,,,,
12926955,株式会社サンエー印刷,東京都北区田端６－１－１田端ＡＳＵＫＡタワー１７Ｆ,03-3823-3161,,,https://www.suna.co.jp/about/profile/,100000000,119,,X1,,タカノ機械製作所,田上　直樹,anna.shirai@konicaminolta.com,東日本営業部,大脇,希望,,,,,,,,,,,,,,,,,,,,,,
12926954,株式会社サンエイ,,,,,,,,,X1,,ムサシ、OVOL,菅　康則,anna.shirai@konicaminolta.com,東日本営業部,大脇,希望,,,,,,,,,,,,,,,,,,,,,,
12926848,株式会社サニー・シーリング,,,,,,,,,X1,,,小林　洋介,anna.shirai@konicaminolta.com,西日本営業部,芝川,,,,,,,,,,,,,,,,,,,,,,,
12926714,株式会社サイバーネット,東京都豊島区東池袋３－２２－７ＣＮビル,03-5396-3813,,1995,https://www.cyber-nt.co.jp/company/,95000000,80,,X2,直販,,,anna.shirai@konicaminolta.com,東日本営業部,大脇,不要,,,,,,,,,,,,,,,,,,,,,,
12926626,株式会社サイネックス,,,,,,,,,X2,,,篭橋　宏憲,anna.shirai@konicaminolta.com,中日本営業部,服部,希望,,,,,,,,,,,,,,,,,,,,,,
12926924,株式会社コームラ,岐阜県岐阜市三輪ぷりんとぴあ３,058-229-5858,,1937,https://www.kohmura.co.jp/about/company.html,50000000,72,,X1,,,杉山　博紀,anna.shirai@konicaminolta.com,中日本営業部,服部,希望,,,,,,,,,,,,,,,,,,,,,,
12926640,株式会社ケーエスアイ,大阪府大阪市西成区南津守７－１５－１６,06-6652-8000,,1947,https://www.ksinet.co.jp/company/outline,91800000,135,,X2,,,山本　壮二郎,anna.shirai@konicaminolta.com,西日本営業部,清野,,,,49点,50点,,,,,,,,,,,,,,,,,,
12926639,株式会社グラフィック,京都府京都市伏見区下鳥羽東芹川町３３,075-601-1231,印刷業,1989,https://www.graphic.jp,95000000,1054,,X2,,,加藤　哲平,anna.shirai@konicaminolta.com,西日本営業部,芝川,不要,,,65点,62点,,,,,,,,,,,,,,,,,,
12926682,株式会社クレステック,静岡県浜松市中央区東三方町６９,053-439-0315,アウトソーシングサービス業,1984,https://www.crestec.co.jp/company/about.php,215400000,302,6,X2,,,平野　圭祐,anna.shirai@konicaminolta.com,中日本営業部,服部,希望,,,55点,55点,,,,,,,,,,,,,,,,,,
12926681,株式会社クレオ,東京都千代田区丸の内２－５－１丸の内二丁目ビル５Ｆ,03-4213-2223,,1968,https://kreo.jp/,82840000,530,,X2,,,杉山　博紀,anna.shirai@konicaminolta.com,中日本営業部,服部,希望,,,56点,56点,,,,,,,,,,,,,,,,,,
12926680,株式会社クイックス,愛知県刈谷市幸町２－２,0566-24-5511,,1947,https://www.kwix.co.jp/,51000000,168,,X2,,,杉山　博紀,anna.shirai@konicaminolta.com,中日本営業部,服部,希望,,,52点,52点,,,,,,,,,,,,,,,,,,
12926713,株式会社ガリバー,神奈川県横浜市神奈川区新浦島町１－１－２５テクノウェイブ１００－１７Ｆ,045-440-6341,,1956,http://www.gulliver.co.jp/gukaisha/kaishagaiyo.html,46800000,96,,X2,,,野津　太郎,anna.shirai@konicaminolta.com,東日本営業部,白井,希望,,,,,,,,,,,,,現状いまの利益軸になっているが今後縮小していくはずなので他ビジネスを考えたい,"広告代理店を目指していきたいわけではない。
紙をもっと伸びてもらいたい。紙を捨てるわけではない。
あくまでお客様のご要望に備えていきたい。
印刷のコストが高くなっている。DMの一番の課題は企業の予算。紙代は利益にADしている。クライアントの予算は変わらないため、製造の売り上げが減る。
値上がり分を請求したら収益率は下がっていく。
紙代などが上がった分だけより予算を取っていきたい。",,DM,,その他,Web開発、システム開発、グッズ販売,,,"広告予算以外からお金を取っていきたい。
広告予算から出ていくと、真っ先に削られてしまう。ここに生きる道はあまりない。"
12926953,株式会社オオツカ,東京都目黒区五本木２－２３－１０大塚ビル,03-3719-2251,,1968,https://www.otsuka-inc.co.jp/company/,53000000,74,,X1,,,秋満　洋平,anna.shirai@konicaminolta.com,東日本営業部,権田,不要,,,,,,,,,,,,,,,,,,,,,,
12926624,株式会社エムアイシーグループ,,,,,,,,,X2,,,平野　圭祐,anna.shirai@konicaminolta.com,中日本営業部,服部,希望,,,,,,,,,,,,,,,,,,,,,,
12926712,株式会社エフコム,,,,,,,,,X2,,SCREEN GPジャパン,内藤　洋介,anna.shirai@konicaminolta.com,東日本営業部,権田,希望,,,,,,,,,,,,,,,,,,,,,,
12926952,株式会社エデュプレス,埼玉県さいたま市南区文蔵１－４－１３,048-866-1066,,1982,https://www.edupress.net/corporateinfo/index.html,41800000,129,,X1,,EPS→モリサワ,内藤　洋介,anna.shirai@konicaminolta.com,東日本営業部,権田,不要,,,,,,,,,,,,,,,,,,,,,,
12926711,株式会社エス・ワイ・エス,東京都台東区駒形２－５－８,03-5830-7491,,,http://www.sys-inc.jp/contents/profile.html,30000000,275,,X2,,ヤマトヤ商会,川原　俊康,anna.shirai@konicaminolta.com,東日本営業部,大脇,不要,,,,,,,,,,,,,,,,,,,,,,
12926846,株式会社エスビーエフ,,,,,,,,,X1,,,岩谷　雄司,anna.shirai@konicaminolta.com,西日本営業部,芝川,,,,,,,,,,,,,,,,,,,,,,,
12926679,株式会社エクシート,,,,,,,,,X2,,,山田　洋平,anna.shirai@konicaminolta.com,中日本営業部,清野,希望,,,,,,,,,,,,,,,,,,,,,,
12926678,株式会社エイエイピー,静岡県静岡市駿河区森下町３－６,054-284-8333,,,https://www.aap.co.jp/company/,99000000,300,,X2,,,平野　圭祐,anna.shirai@konicaminolta.com,中日本営業部,服部,希望,,,60点,59点,,,,,,,,,,,,,,,,,,
12926951,株式会社ウエマツ,東京都豊島区南長崎３－３４－１３,03-3953-1101,,,http://www.uematsu-p.com/company/index.html,100000000,178,,X1,,,秋満　洋平,anna.shirai@konicaminolta.com,東日本営業部,大脇,希望,,,,,,,,,,,,,,,,,,,,,,
12926923,株式会社ウイル・コーポレーション,,,,,,,,,X1,,,山田　洋平,anna.shirai@konicaminolta.com,中日本営業部,服部,希望,,,,,,,,,,,,,,,,,,,,,,
12926950,株式会社インサイド,東京都墨田区緑２－７－３ダイコービル２Ｆ,03-5637-7226,,,,11400000,58,,X1,,モリサワ,大脇　務,anna.shirai@konicaminolta.com,東日本営業部,白井,,,,,,,,,,,,,,,,,,,,,,,
12926949,株式会社イワイ,千葉県銚子市川口町２－６３８５－２３２,0479-24-7111,,,https://iwai-choshi.jp/publics/index/3/,10000000,26,,X1,,,内藤　洋介,anna.shirai@konicaminolta.com,東日本営業部,権田,不要,,,,,,,,,,,,,,,,,,,,,,
12926948,株式会社イメージ・マジック,東京都文京区小石川１－３－１１ライジングスクエア後楽園６Ｆ,03-6825-7510,,1995,https://imagemagic.jp/koukoku,310967000,222,12,X1,,,権田　陽一郎,anna.shirai@konicaminolta.com,東日本営業部,大脇,,,,,,,,,,,,,,,,,,,,,,,
13080105,株式会社イタミアート,岡山県 岡山市 南区 新保660-15,086-805-4150,,1999,https://www.itamiarts.co.jp/,459620000,292,1,,,,,,,芝川,,,,,,,,,,,,,,,,,,,,,,,
12926710,株式会社イセブ,,,,,,,,,X2,,,秋満　洋平,anna.shirai@konicaminolta.com,東日本営業部,大脇,不要,,,,,,,,,,,,,,,,,,,,,,
12926638,株式会社イシダ印刷,大阪府大阪市都島区都島本通１－２－１１,06-6928-7901,印刷業,,http://www.lowcost-print.com/company/,5000000,12,,X2,,,山本　壮二郎,anna.shirai@konicaminolta.com,西日本営業部,芝川,,,,46点,43点,,,,,,,,,,,,,,,,,,
12926637,株式会社アーツ,大阪府吹田市垂水町３－７－１８,06-6368-7706,,,http://www.arts-net.co.jp/page/company/profile.html,100000000,125,,X2,,モトヤ,辻本　竜也,anna.shirai@konicaminolta.com,西日本営業部,芝川,希望,,,58点,58点,,,,,,,,,,,,,,,,,,
12926885,株式会社アピックス,大阪府大阪市中央区博労町１－２－２,06-6271-7291,,1920,http://www.apix.co.jp/corporate/company/company.html,20000000,120,,X1,,,山本　壮二郎,anna.shirai@konicaminolta.com,西日本営業部,芝川,希望,,,,,,,,,,,,,,,,,,,,,,
12926845,株式会社アドプレックス,,,,,,,,,X1,,一誠社,橋本　貴弘,anna.shirai@konicaminolta.com,西日本営業部,芝川,,,,,,,,,,,,,,,,,,,,,,,
12926709,株式会社アテナ,東京都江戸川区臨海町５－２－２三共ビル,03-3689-3511,印刷業,1968,https://www.atena.co.jp/companyprofile,100000000,185,,X2,直販,,森　慎也,anna.shirai@konicaminolta.com,東日本営業部,大脇,不要,,,,,,,,,,,,,,,,,,,,,,
12926879,株式会社アスコン,,,,,,,,,X1,,,橋本　貴弘,anna.shirai@konicaminolta.com,西日本営業部,芝川,希望,,,,,,,,,,,,,,,,,,,,,,
12926884,株式会社アスカネット,,,,,,,,,X1,,,橋本　貴弘,anna.shirai@konicaminolta.com,西日本営業部,芝川,希望,,,,,,,,,,,,,,,,,,,,,,
12926708,株式会社アイワード,,,,,,,,,X2,,フカミヤ,木村　智弘,anna.shirai@konicaminolta.com,東日本営業部,大脇,,,,,,,,,,,,,,,,,,,,,,,
12926888,株式会社しまうまプリントラボ,,,,,,,,,X1,,,和田　剛史,anna.shirai@konicaminolta.com,西日本営業部,芝川,希望,,,,,,,,,,,,,,,,,,,,,,
12926847,株式会社さくら印刷,,,,,,,,,X1,,,岩谷　雄司,anna.shirai@konicaminolta.com,西日本営業部,芝川,,,,,,,,,,,,,,,,,,,,,,,
13087063,株式会社ぎじろくセンター,山口県 宇部市 西岐波1540-12,0836-51-6191,,,http://www.gijiroku-center.co.jp/information/company.html,10000000,,,,販売店,株式会社光文堂,,,西日本営業部,芝川,,,,,,,,,,,,,,,,,,,,,,,
12926947,株式会社あけぼの印刷社,,,,,,,,,X1,,,野村　志雄,anna.shirai@konicaminolta.com,東日本営業部,大脇,希望,,,,,,,,,,,,,,,,,,,,,,
12926883,株式会社あかがね,大阪府堺市堺区今池町１－１－５８,072-228-1645,,1965,https://akagane.co.jp/company/profile/,20000000,144,,X1,,東洋インキ,服部　晃宏,anna.shirai@konicaminolta.com,西日本営業部,芝川,希望,,,,,,,,,,,,,,,,,,,,,,
12926789,松澤印刷株式会社,,,,,,,,,X2,,モリサワ,森　慎也,anna.shirai@konicaminolta.com,東日本営業部,大脇,希望,,,,,,,,,,,,,,,,,,,,,,
12926940,松本印刷株式会社,静岡県榛原郡吉田町片岡２２１０,0548-32-0851,,1961,http://www.m-print.co.jp/profile/index.html,20000000,165,,X1,,,平野　圭祐,anna.shirai@konicaminolta.com,中日本営業部,服部,希望,,,,,,,,,,,,,,,,,,,,,,
12926914,松和印刷株式会社,大阪府大阪市中央区中寺１－２－２０,06-6762-8731,,,https://www.showa-pr.co.jp/about_us/index.html,45000000,70,,X1,,モトヤ,服部　晃宏,anna.shirai@konicaminolta.com,西日本営業部,芝川,希望,,,,,,,,,,,,,,,,,,,,,,
12926835,東銀座印刷出版株式会社,東京都豊島区高田３－５－２０,03-3981-9016,,1956,https://www.yumekoubou.co.jp/company/overview.html,120000000,62,,X1,,,田上　直樹,anna.shirai@konicaminolta.com,東日本営業部,大脇,希望,,,,,,,,,,,,,,,,,,,,,,
12927036,東洋美術印刷株式会社,東京都千代田区飯田橋４－６－２,03-3265-3075,印刷業,1948,https://www.toyobijutsu-prt.co.jp/corporate/about/,20000000,91,,X1,,,権田　陽一郎,anna.shirai@konicaminolta.com,東日本営業部,権田,希望,,Revoria(金銀)、Iridesse(ピンク)、Canon,,,,,,,,,,,,,,,,,,,,
12926671,東洋紙業株式会社,大阪府大阪市浪速区芦原１－３－１８,06-6567-2111,,1937,https://www.toyo-s.co.jp/,3448125000,828,,X2,,小森コーポレーション,上原　元二,anna.shirai@konicaminolta.com,西日本営業部,芝川,,,,58点,57点,,,,,,,,,,,,,,,,,,
12926799,東洋化成株式会社,東京都港区南青山１－１－１新青山ビル西館７Ｆ,03-3497-0510,,1959,https://toyokasei.co.jp,90000000,135,,X2,直販,,内藤　洋介,anna.shirai@konicaminolta.com,東日本営業部,権田,不要,,,,,,,,,,,,,,,,,,,,,,
12927035,東北紙工株式会社,,,,,,,,,X1,,,赤木　浩,anna.shirai@konicaminolta.com,東日本営業部,大脇,,,,,,,,,,,,,,,,,,,,,,,
12958137,東京都チャレンジドプラスTOPPAN株式会社,東京都 板橋区 小豆沢1,03-3968-5800,,1993,https://www.toppan-tpt.co.jp/company/theme/,100000000,167,,,直販,,,yoichiro.gonda@konicaminolta.com,,権田,希望,,,,,,,,,,,,,,,,,,,,,,
12926798,東京平版株式会社,東京都新宿区箪笥町８,03-3260-1226,,,http://tokyoheihan.co.jp/06company/06company01.html,26000000,37,,X2,,立商,田上　直樹,anna.shirai@konicaminolta.com,東日本営業部,権田,不要,,,,,,,,,,,,,,,,,,,,,,
12926797,東京リスマチック株式会社,東京都千代田区内神田２－１４－６神田アネックスビル,03-6853-6171,,,,80000000,500,,X2,直販,,秋満　洋平,anna.shirai@konicaminolta.com,東日本営業部,権田,希望,,,,,,,,,,,,,,,,,,,,,,
13044792,東京オフィスサービス株式会社,埼玉県 さいたま市 南区 白幡4-11-19,,,1978,https://tos.tokyo.jp/company/,60000000,60,,,直販,,,yoichiro.gonda@konicaminolta.com,,権田,希望,強い,,,,,,,,,,,,,,,,,,,,,
12927034,東京アート株式会社,東京都中央区新川１－２３－５ＯＮＥ　ＳＨＩＮＫＡＷＡ　８～１０Ｆ,03-5543-4361,,,,499200000,220,,X1,,,牧野　稜平,anna.shirai@konicaminolta.com,東日本営業部,権田,希望,,,,,,,,,,,,,,,,,,,,,,
12926944,東亜富士巧業株式会社,東京都板橋区加賀１－１９－１,03-5943-3900,,1944,http://www.toasiko.co.jp/corp/index.html,30000000,138,,X1,,,,anna.shirai@konicaminolta.com,中日本営業部,服部,希望,,,,,,,,,,,,,,,,,,,,,,
12926842,杉山メディアサポート株式会社,,,,,,,,,X1,,,平野　圭祐,anna.shirai@konicaminolta.com,中日本営業部,服部,希望,,,,,,,,,,,,,,,,,,,,,,
12926942,朝日印刷株式会社,富山県富山市一番町１－１一番町スクエアビル,076-421-1177,プラスチック製品製造業,1946,https://www.asahi-pp.co.jp/,2228753000,1149,3,X1,,,山田　洋平,anna.shirai@konicaminolta.com,中日本営業部,服部,希望,,,,,,,,,,,,,,,,,,,,,,
12926834,朝日印刷工業株式会社,,,,,,,,,X1,,小森コーポレーション,野村　志雄,anna.shirai@konicaminolta.com,東日本営業部,大脇,希望,,,,,,,,,,,,,,,,,,,,,,
12926808,望月印刷株式会社,東京都台東区浅草橋５－７－１０,03-3851-9281,,,https://www.ebis.co.jp/mochizuki/company/,50000000,88,,X2,,,秋満　洋平,anna.shirai@konicaminolta.com,東日本営業部,大脇,不要,,,,,,,,,,,,,,,,,,,,,,
12926921,服部プロセス株式会社,兵庫県神戸市長田区東尻池町２－９－１７,078-682-8855,,1970,http://www.oide.or.jp/company/index.html#profile,50000000,90,,X1,,,服部　晃宏,anna.shirai@konicaminolta.com,西日本営業部,芝川,希望,,,,,,,,,,,,,,,,,,,,,,
12926856,有限会社柿原銘板製作所,,,,,,,,,X1,,,橋本　貴弘,anna.shirai@konicaminolta.com,西日本営業部,芝川,,,,,,,,,,,,,,,,,,,,,,,
12926654,有限会社三宮印刷,,,,,,,,,X2,,一誠社,岩谷　雄司,anna.shirai@konicaminolta.com,西日本営業部,清野,,,,,,,,,,,,,,,,,,,,,,,
12926752,有限会社エヌシークリエイト,東京都中央区入船３－７－２ＫＤＸ銀座イーストビル,03-5542-7723,,,http://www.nccr.co.jp/information.htm,8000000,18,,X2,直販,,,anna.shirai@konicaminolta.com,東日本営業部,権田,不要,,,,,,,,,,,,,,,,,,,,,,
12926831,昭栄印刷株式会社,,,,,,,,,X1,直販,,川原　俊康,anna.shirai@konicaminolta.com,東日本営業部,大脇,不要,,,,,,,,,,,,,,,,,,,,,,
12926698,星光社印刷株式会社,静岡県静岡市駿河区豊田３－６－１２,054-286-3131,,1947,https://www.spdigital.net/company/#company,100000000,139,,X2,,,平野　圭祐,anna.shirai@konicaminolta.com,中日本営業部,服部,希望,,,,,,,,,,,,,,,,,,,,,,
12926705,明文舎印刷商事株式会社,,,,,,,,,X2,,,杉山　博紀,anna.shirai@konicaminolta.com,中日本営業部,服部,希望,,,,,,,,,,,,,,,,,,,,,,
12926913,昌栄印刷株式会社,大阪府大阪市生野区桃谷１－３－２３,06-6717-1181,,1918,https://www.shoei-printing.com/company/,100000000,151,,X1,,,山本　壮二郎,anna.shirai@konicaminolta.com,西日本営業部,芝川,希望,,,,,,,,,,,,,,,,,,,,,,
12926666,早和製本株式会社,,,,,,,,,X2,直販,,西浦　公郎,anna.shirai@konicaminolta.com,西日本営業部,芝川,不要,,,,,,,,,,,,,,,,,,,,,,
12926802,日興製版印刷株式会社,東京都荒川区西日暮里１－４６－３,03-3803-6773,,,http://www.nikko-pp.co.jp/corporate-info/corporate-info2.html,25000000,20,,X2,直販,,野村　志雄,anna.shirai@konicaminolta.com,東日本営業部,権田,希望,,,,,,,,,,,,,,,,,,,,,,
12926702,日興美術株式会社,静岡県静岡市葵区流通センター１２－２,054-263-2211,,,https://www.nkbj.co.jp/company/outline/,30000000,181,,X2,,,平野　圭祐,anna.shirai@konicaminolta.com,中日本営業部,服部,希望,,,,,,,,,,,,,,,,,,,,,,
12927040,日経印刷株式会社,東京都千代田区飯田橋２－１５－５立野ビル,03-6758-1001,,1966,https://www.nik-prt.co.jp/,80000000,414,,X1,,FFGFGS,森　慎也,anna.shirai@konicaminolta.com,東日本営業部,権田,希望,,,,,,,,,,,,,,,,,,,,,,
12926837,日本貿易印刷株式会社,神奈川県横浜市戸塚区上矢部町１９６８,045-811-2771,,1947,https://nichiboh.co.jp/about/about.php,100000000,150,,X1,,,川原　俊康,anna.shirai@konicaminolta.com,東日本営業部,権田,不要,,,,,,,,,,,,,,,,,,,,,,
12926630,日本印刷株式会社,,,,,,,,,X2,,,平野　圭祐,anna.shirai@konicaminolta.com,中日本営業部,服部,希望,,,,,,,,,,,,,,,,,,,,,,
12926672,日本写真印刷コミュニケーションズ株式会社,京都府京都市中京区壬生花井町３,075-777-6015,,,http://www.nissha.com/company/office/nci.html,100000000,191,,X2,直販,,上原　元二,anna.shirai@konicaminolta.com,西日本営業部,芝川,不要,,,50点,50点,,,,,,,,,,,,,,,,,,
12926804,日本ハイコム株式会社,,,,,,,,,X2,,モリサワ,秋満　洋平,anna.shirai@konicaminolta.com,東日本営業部,大脇,希望,,,,,,,,,,,,,,,,,,,,,,
12926803,日本ジャンボー株式会社,神奈川県小田原市栄町１－１４－４８ジャンボーナックビル８Ｆ,0465-20-1500,,,https://www.jumbo.co.jp/,30000000,92,,X2,直販,,牧野　稜平,anna.shirai@konicaminolta.com,東日本営業部,権田,不要,,,,,,,,,,,,,,,,,,,,,,
12926876,日宝綜合製本株式会社,,,,,,,,,X1,,,前　宏夫,anna.shirai@konicaminolta.com,西日本営業部,芝川,,,,,,,,,,,,,,,,,,,,,,,
12927041,日商印刷株式会社,東京都港区浜松町２－６－２浜松町２６２ビル５Ｆ,03-3432-7711,,1962,http://www.nissho-printing.co.jp/company.html,40000000,44,,X1,,,内藤　洋介,anna.shirai@konicaminolta.com,東日本営業部,権田,希望,,,,,,,,,,,,,,,,,,,,,,
12926627,新日本印刷株式会社,,,,,,,,,X2,,,篭橋　宏憲,anna.shirai@konicaminolta.com,中日本営業部,服部,希望,,,,,,,,,,,,,,,,,,,,,,
12926916,新日本印刷株式会社,,,,,,,,,X1,,,岩谷　雄司,anna.shirai@konicaminolta.com,西日本営業部,芝川,希望,,,,,,,,,,,,,,,,,,,,,,
12926806,文唱堂印刷株式会社,東京都千代田区神田佐久間町３－３７,03-3851-0111,,1927,https://b-p.co.jp/,80000000,90,,X2,,ヤマトヤ商会,川原　俊康,anna.shirai@konicaminolta.com,東日本営業部,権田,不要,,,,,,,,,,,,,,,,,,,,,,
12926805,文化堂印刷株式会社,神奈川県小田原市寿町１－１０－２０,0465-34-9206,,,http://www.bunkado.jp/company.html#gaiyou,100000000,244,,X2,直販,,秋満　洋平,anna.shirai@konicaminolta.com,東日本営業部,権田,不要,,,,,,,,,,,,,,,,,,,,,,
12926790,情報印刷株式会社,神奈川県川崎市高津区下野毛１－２－１９,045-850-8861,,1979,https://johoprint.co.jp/company/,33100000,79,,X2,,アイコー,田上　直樹,anna.shirai@konicaminolta.com,東日本営業部,権田,不要,,,,,,,,,,,,,,,,,,,,,,
12927037,当矢印刷株式会社,東京都豊島区南池袋２－１９－１３当矢ビル,03-3983-3331,,1981,https://www.atariya-p.jp/company/profile.html,20000000,123,,X1,,モリサワ,田上　直樹,anna.shirai@konicaminolta.com,東日本営業部,権田,希望,,,,,,,,,,,,,,,,,,,,,,
12926780,広研印刷株式会社,東京都豊島区高田３－３－１６,03-3208-8271,,,https://www.kohken-l-p.co.jp/,20000000,112,,X2,,モリサワ,秋満　洋平,anna.shirai@konicaminolta.com,東日本営業部,大脇,不要,,,,,,,,,,,,,,,,,,,,,,
12927043,幡本印刷株式会社,,,,,,,,,X1,,,木村　智弘,anna.shirai@konicaminolta.com,東日本営業部,大脇,,,,,,,,,,,,,,,,,,,,,,,
12927029,川嶋印刷株式会社,,,,,,,,,X1,,ウエノ,菅　康則,anna.shirai@konicaminolta.com,東日本営業部,大脇,希望,,,,,,,,,,,,,,,,,,,,,,
12926791,川口印刷工業株式会社,,,,,,,,,X2,直販,,菅　康則,anna.shirai@konicaminolta.com,東日本営業部,大脇,希望,,,,,,,,,,,,,,,,,,,,,,
12926796,島津印刷株式会社,,,,,,,,,X2,,コニカミノルタNC,川原　俊康,anna.shirai@konicaminolta.com,東日本営業部,大脇,希望,,,,,,,,,,,,,,,,,,,,,,
12926776,岩岡印刷工業株式会社,埼玉県入間郡三芳町北永井宮前１５７－３,049-258-6111,,1975,https://www.iwaoka.co.jp/company/outline.php,80000000,75,,X2,,,秋満　洋平,anna.shirai@konicaminolta.com,東日本営業部,権田,不要,,,,,,,,,,,,,,,,,,,,,,
12926908,岩倉印刷紙業株式会社,大阪府大阪市天王寺区東上町２－２５,06-6771-5676,,,https://www.ip-c.co.jp/about.php,49500000,160,,X1,,,辻本　竜也,anna.shirai@konicaminolta.com,西日本営業部,芝川,希望,,,,,,,,,,,,,,,,,,,,,,
12926787,山陽印刷株式会社,神奈川県横浜市金沢区福浦２－１－１３,045-785-4011,,0,https://www.sanyoprint.co.jp/company/profile.html,46008000,60,,X2,,,秋満　洋平,anna.shirai@konicaminolta.com,東日本営業部,権田,不要,,,,,,,,,,,,,,,,,,,,,,
12926911,山野印刷株式会社,兵庫県姫路市岡田４７９,079-294-2121,,,https://www.yamano-printing.co.jp/company/outline/,48000000,120,,X1,,,服部　晃宏,anna.shirai@konicaminolta.com,西日本営業部,芝川,希望,,,,,,,,,,,,,,,,,,,,,,
12926786,山藤三陽印刷株式会社,,,,,,,,,X2,,小森コーポレーション,木村　智弘,anna.shirai@konicaminolta.com,東日本営業部,大脇,,,,,,,,,,,,,,,,,,,,,,,
12926939,小林クリエイト株式会社,愛知県刈谷市小垣江町北高根１１５,0566-26-5310,,1946,https://k-cr.jp/,100000000,1062,,X1,,直販,杉山　博紀,anna.shirai@konicaminolta.com,中日本営業部,服部,希望,弱い,,2025年2月　54点,2023年12月 　52点,,,アマノ（３．５％），トヨタ自動車（３．４％），中電シーティーアイ（３．２％），アイシン（１．７％）等,,,,,,,,,,,,,,,
12927027,小林クリエイト株式会社,愛知県刈谷市小垣江町北高根１１５,0566-26-5310,,1946,https://k-cr.jp/,100000000,1062,,X1,,,牧野　稜平,anna.shirai@konicaminolta.com,東日本営業部,権田,不要,,,,,,,,,,,,,,,,,,,,,,
12926912,小松印刷グループ株式会社,,,,,,,,,X1,,,岩谷　雄司,anna.shirai@konicaminolta.com,西日本営業部,芝川,希望,,,,,,,,,,,,,,,,,,,,,,
12927026,小宮山印刷株式会社,東京都中央区八重洲２－１１－３Ｌｉｎｅ　Ｖｉｅｗ　京橋,03-3274-0051,,,http://www.kpi-net.co.jp/company/infomation.html,80000000,105,,X1,,,秋満　洋平,anna.shirai@konicaminolta.com,東日本営業部,権田,不要,,,,,,,,,,,,,,,,,,,,,,
12926664,寿精版印刷株式会社,大阪府大阪市天王寺区上汐６－４－２６,06-6770-2800,,1961,https://www.rex.co.jp/company/,60000000,469,,X2,,ウエノ,辻本　竜也,anna.shirai@konicaminolta.com,西日本営業部,芝川,,,,63点,63点,,,,,,,,,,,,,,,,,,
12926673,富士精版印刷株式会社,大阪府大阪市淀川区西宮原２－４－３３,06-6394-1182,,,https://www.fujiseihan.co.jp/company/overview/,95175000,128,,X2,,,山本　壮二郎,anna.shirai@konicaminolta.com,西日本営業部,清野,,,,55点,55点,,,,,,,,,,,,,,,,,,
12926877,富士尾産業株式会社,,,,,,,,,X1,,,前　宏夫,anna.shirai@konicaminolta.com,西日本営業部,芝川,,,,,,,,,,,,,,,,,,,,,,,
12926862,宮川印刷株式会社,,,,,,,,,X1,,,上原　元二,anna.shirai@konicaminolta.com,西日本営業部,芝川,,,,,,,,,,,,,,,,,,,,,,,
12926807,宝印刷株式会社,東京都豊島区高田３－２８－８,03-3971-3101,アウトソーシングサービス業,2019,https://www.takara-print.co.jp/company/outline/,200000000,639,5,X2,,小森コーポレーション,田上　直樹,anna.shirai@konicaminolta.com,東日本営業部,大脇,希望,,,,,,,,,,,,,,,,,,,,,,
12926694,安達写真印刷株式会社,,,,,,,,,X2,,,山田　洋平,anna.shirai@konicaminolta.com,中日本営業部,服部,不要,,,,,,,,,,,,,,,,,,,,,,
12927018,奥村印刷株式会社,東京都北区栄町１－１,03-5390-6211,,,https://www.okum.net/company-info/,100000000,126,,X1,,,田上　直樹,anna.shirai@konicaminolta.com,東日本営業部,大脇,希望,,,,,,,,,,,,,,,,,,,,,,
12926669,大阪印刷株式会社,大阪府大阪市西淀川区御幣島５－５－２３,06-6147-8603,,,https://otaclub.jp/company/,10000000,100,,X2,,マリックスオフィスシステム,加藤　哲平,anna.shirai@konicaminolta.com,西日本営業部,芝川,不要,,,47点,45点,,,,,,,,,,,,,,,,,,
12926668,大阪シーリング印刷株式会社,大阪府大阪市天王寺区小橋町１－８,06-6763-6771,,,https://www.osp.co.jp/outline/company.html,324439000,2825,,X2,,,山本　壮二郎,anna.shirai@konicaminolta.com,西日本営業部,芝川,,,,67点,68点,,,,,,,,,,,,,,,,,,
12926667,大興印刷株式会社,大阪府大阪市港区弁天１－２－１大阪ベイタワーオフィス１６Ｆ,06-6577-2205,,1962,https://www.daiko-printing.co.jp/about.html,99140000,56,,X2,,,服部　晃宏,anna.shirai@konicaminolta.com,西日本営業部,芝川,,,,46点,46点,,,,,,,,,,,,,,,,,,
12926699,大洞印刷株式会社,岐阜県本巣市下真桑２９０－１,058-320-5123,,1954,https://www.obora-pri.co.jp/history,21200000,58,,X2,,,杉山　博紀,anna.shirai@konicaminolta.com,中日本営業部,服部,希望,,,,,,,,,,,,,,,,,,,,,,
12927032,大洋印刷株式会社,東京都新宿区大久保２－１９－１,,,,,10000000,,,X1,,,田上　直樹,anna.shirai@konicaminolta.com,東日本営業部,権田,希望,,,,,,,,,,,,,,,,,,,,,,
12926872,大村印刷株式会社,,,,,,,,,X1,,合同印刷機材,橋本　貴弘,anna.shirai@konicaminolta.com,西日本営業部,芝川,,,,,,,,,,,,,,,,,,,,,,,
12926919,大昌印刷販売株式会社,大阪府八尾市南亀井町１－３－２０,072-923-8888,,,http://www.daisho-pm.co.jp/company/index.html,64697000,55,,X1,,,山本　壮二郎,anna.shirai@konicaminolta.com,西日本営業部,芝川,希望,,,,,,,,,,,,,,,,,,,,,,
12926794,大日本法令印刷株式会社,,,,,,,,,X2,,モリサワ,森　慎也,anna.shirai@konicaminolta.com,東日本営業部,大脇,希望,,,,,,,,,,,,,,,,,,,,,,
12926793,大日本印刷株式会社,東京都新宿区市谷加賀町１－１－１,03-3266-2111,印刷業,1894,https://www.dnp.co.jp/ir/,1.14E+11,9589,3,X2,,,木村　智弘,anna.shirai@konicaminolta.com,東日本営業部,権田,,,,,,,,,,,,,,,,,,,,,,,
12927031,大日本パックェージ株式会社,埼玉県越谷市平方１００４－１１,048-973-0301,,1964,http://www.daipake.co.jp/corporate/outline/,94000000,145,,X1,,,,anna.shirai@konicaminolta.com,東日本営業部,権田,,,,,,,,,,,,,,,,,,,,,,,
12926920,大平印刷株式会社,,,,,,,,,X1,,,上原　元二,anna.shirai@konicaminolta.com,西日本営業部,芝川,希望,,,,,,,,,,,,,,,,,,,,,,
12926670,大和美術印刷株式会社,兵庫県姫路市網干区新在家１２７５,079-273-0125,,1963,https://www.daiwa-ap.co.jp/company-profile.html,36000000,60,,X2,,,服部　晃宏,anna.shirai@konicaminolta.com,西日本営業部,芝川,,,,58点,57点,,,,,,,,,,,,,,,,,,
12926918,大光印刷株式会社,京都府京都市中京区西ノ京冷泉町２２,075-821-5131,,1947,https://www.daik.co.jp/company/,45000000,60,,X1,,,上原　元二,anna.shirai@konicaminolta.com,西日本営業部,芝川,希望,,,,,,,,,,,,,,,,,,,,,,
12927030,壮光舎印刷株式会社,東京都荒川区荒川８－２０－１,03-3802-4545,,,http://www.sokosha.co.jp/Company_Overview.html,100000000,74,,X1,,,森　慎也,anna.shirai@konicaminolta.com,東日本営業部,大脇,希望,,,,,,,,,,,,,,,,,,,,,,
12926675,和多田印刷株式会社,京都府京都市南区東九条南河辺町５,075-693-1001,,1899,http://www.watada.co.jp/company/outline/,42000000,192,,X2,,小森コーポレーション,上原　元二,anna.shirai@konicaminolta.com,西日本営業部,清野,不要,,,63点,63点,,,,,,,,,,,,,,,,,,
12926937,協和カートン株式会社,富山県富山市水橋開発２７７－５,076-479-1188,,1979,https://www.kyowa-carton.co.jp/company/index.html,20000000,100,,X1,,,山田　洋平,anna.shirai@konicaminolta.com,中日本営業部,服部,希望,,,,,,,,,,,,,,,,,,,,,,
12926779,協和オフセット印刷株式会社,東京都港区浜松町１－３－１浜離宮ザタワー３０１,03-3433-1844,,1948,http://kyowa-offset.co.jp/company.html,99000000,109,,X2,,ヤマトヤ,川原　俊康,anna.shirai@konicaminolta.com,東日本営業部,権田,不要,,,,,,,,,,,,,,,,,,,,,,
12926909,協同精版印刷株式会社,,,,,,,,,X1,,,橋本　貴弘,anna.shirai@konicaminolta.com,西日本営業部,芝川,不要,,,,,,,,,,,,,,,,,,,,,,
12926841,協同印刷株式会社,,,,,,,,,X1,,,平野　圭祐,anna.shirai@konicaminolta.com,中日本営業部,服部,希望,,,,,,,,,,,,,,,,,,,,,,
12927045,北海道トッパン・フォームズ株式会社,,,,,,,,,X1,,モリサワ,木村　智弘,anna.shirai@konicaminolta.com,東日本営業部,大脇,,,,,,,,,,,,,,,,,,,,,,,
12926788,勝美印刷株式会社,東京都文京区白山１－１３－７アクア白山ビル５Ｆ,03-3812-5201,,1949,https://www.shobix.co.jp/shobi/about_shobi#%E4%BC%9A%E7%A4%BE%E6%A6%82%E8%A6%81,48000000,114,,X2,直販,,,anna.shirai@konicaminolta.com,東日本営業部,大脇,希望,,,,,,,,,,,,,,,,,,,,,,
12926941,前田印刷株式会社,,,,,,,,,X1,,,山田　洋平,anna.shirai@konicaminolta.com,中日本営業部,服部,希望,,,,,,,,,,,,,,,,,,,,,,
12926875,内外カーボンインキ株式会社,大阪府高槻市上土室６－１７－１,072-695-2921,,1958,http://www.ncikk.co.jp/profile/overview.html,257044000,269,,X1,,,辻本　竜也,anna.shirai@konicaminolta.com,西日本営業部,芝川,,,,,,,,,,,,,,,,,,,,,,,
12926778,共立印刷株式会社,東京都板橋区清水町３６－１,03-5248-7800,印刷業,1980,https://www.kyoritsu-printing.co.jp/,500000000,353,3,X2,,,田上　直樹,anna.shirai@konicaminolta.com,東日本営業部,大脇,希望,,,,,,,,,,,,,,,,,,,,,,
12926660,共同精版印刷株式会社,,,,,,,,,X2,,モトヤ,辻本　竜也,anna.shirai@konicaminolta.com,西日本営業部,芝川,希望,,,,,,,,,,,,,,,,,,,,,,
12926659,共同印刷西日本株式会社,大阪府大阪市中央区平野町２－１－２沢の鶴ビル５Ｆ,06-6203-1588,,,,200000000,130,,X2,直販,,上原　元二,anna.shirai@konicaminolta.com,西日本営業部,芝川,不要,,,57点,55点,,,,,,,,,,,,,,,,,,
12926777,共同印刷株式会社,東京都文京区小石川４－１４－１２,03-3817-2111,印刷業,1918,https://www.kyodoprinting.co.jp/,4510000000,1927,3,X2,直販,,秋満　洋平,anna.shirai@konicaminolta.com,東日本営業部,大脇,不要,,,,,,,,,,,,,,,,,,,,,,
12927011,光村印刷株式会社,東京都品川区大崎１－１５－９,03-3492-1181,印刷業,1936,https://www.mitsumura.co.jp/about/company.html,100000000,418,3,X1,,,権田　陽一郎,anna.shirai@konicaminolta.com,東日本営業部,大脇,希望,,,,,,,,,,,,,,,,,,,,,,
12926662,光文堂コミュニケーションズ株式会社,,,,,,,,,X2,,,和田　剛史,anna.shirai@konicaminolta.com,西日本営業部,芝川,,,,,,,,,,,,,,,,,,,,,,,
12927021,光ビジネスフォーム株式会社,東京都新宿区西新宿２－６－１新宿住友ビル２２Ｆ,03-3348-1431,印刷業,1968,http://www.hikaribf.co.jp/profile.html,798288000,392,12,X1,,,牧野　稜平,anna.shirai@konicaminolta.com,東日本営業部,権田,希望,,,,,,,,,,,,,,,,,,,,,,
12926663,佐川印刷株式会社,京都府向日市森本町戌亥５－３,075-933-8081,,1976,https://www.spcom.co.jp/corporate/outline.html,100000000,1321,,X2,直販,,上原　元二,anna.shirai@konicaminolta.com,西日本営業部,芝川,,,,71点,71点,,,,,,,,,,,,,,,,,,
12926784,佐川印刷株式会社,京都府向日市森本町戌亥５－３,075-933-8081,,1976,https://www.spcom.co.jp/corporate/outline.html,100000000,1321,,X2,直販,,森　慎也,anna.shirai@konicaminolta.com,東日本営業部,権田,希望,,,,,,,,,,,,,,,,,,,,,,
12926783,今野印刷株式会社,,,,,,,,,X2,直販,,萬寿　正裕,anna.shirai@konicaminolta.com,東日本営業部,白井,,,,,,,,東北電力,,,,,オンデマンド機はコニカミノルタのみ,,,,DM,"プランニングチームを保有していることが最大の強み。
データ活用をキーとして、顧客へのアプローチの打ち手を提案することができる。",新規顧客の獲得,動画、Webサイト,YES,,印刷とデータを融合させた形で提案を進めていきたい。
12926865,今心株式会社,福岡県飯塚市横田６６９－６９,0948-22-2888,,,https://ima-gine.jp/aboutus,10000000,80,,X1,,,水田　仁,anna.shirai@konicaminolta.com,西日本営業部,芝川,,,,,,,,,,,,,,,,,,,,,,,
12926863,九州凸版印刷株式会社,,,,,,,,,X1,,,小林　洋介,anna.shirai@konicaminolta.com,西日本営業部,芝川,,,,,,,,,,,,,,,,,,,,,,,
12926861,久野印刷株式会社,福岡県福岡市博多区奈良屋町３－１,092-262-5726,,1899,https://www.media-line.or.jp/hisano/company/,18000000,60,,X1,,,水田　仁,anna.shirai@konicaminolta.com,西日本営業部,芝川,,,,,,,,,,,,,,,,,,,,,,,
12926658,久留米印刷株式会社,福岡県八女郡広川町日吉５４８－２５広川中核工業団地内,0943-32-5511,,,http://www.kurume-insatsu.co.jp/company,47500000,110,,X2,,,水田　仁,anna.shirai@konicaminolta.com,西日本営業部,清野,,,,61点,60点,,,,,,,,,,,,,,,,,,
12927019,丸新輸送株式会社,,,,,,,,,X1,,モリサワ,,anna.shirai@konicaminolta.com,東日本営業部,大脇,,,,,,,,,,,,,,,,,,,,,,,
12926936,丸岡アートプリンティング株式会社,,,,,,,,,X1,,,山田　洋平,anna.shirai@konicaminolta.com,中日本営業部,服部,希望,,,,,,,,,,,,,,,,,,,,,,
12926907,丸天産業株式会社,,,,,,,,,X1,,,橋本　貴弘,anna.shirai@konicaminolta.com,西日本営業部,芝川,希望,,,,,,,,,,,,,,,,,,,,,,
12926843,中部印刷株式会社,,,,,,,,,X1,,,平野　圭祐,anna.shirai@konicaminolta.com,中日本営業部,服部,希望,,,,,,,,,,,,,,,,,,,,,,
12926795,中越印刷株式会社,,,,,,,,,X2,,コニカミノルタNC,川原　俊康,anna.shirai@konicaminolta.com,東日本営業部,大脇,希望,,,,,,,,,,,,,,,,,,,,,,
12926873,中央印刷株式会社,,,,,,,,,X1,,,橋本　貴弘,anna.shirai@konicaminolta.com,西日本営業部,芝川,,,,,,,,,,,,,,,,,,,,,,,
12926874,中國新聞印刷株式会社,,,,,,,,,X1,,,橋本　貴弘,anna.shirai@konicaminolta.com,西日本営業部,芝川,,,,,,,,,,,,,,,,,,,,,,,
12926832,上武印刷株式会社,,,,,,,,,X1,,SHITARA,野村　志雄,anna.shirai@konicaminolta.com,東日本営業部,大脇,希望,,,,,,,,,,,,,,,,,,,,,,
12926915,上六印刷株式会社,,,,,,,,,X1,,,辻本　竜也,anna.shirai@konicaminolta.com,西日本営業部,芝川,希望,,,,,,,,,,,,,,,,,,,,,,
12926785,三陽メディア株式会社,千葉県千葉市中央区浜野町１３９７,043-209-3411,,,http://www.sanyo-media.jp/network.html,30000000,78,,X2,,,内藤　洋介,anna.shirai@konicaminolta.com,東日本営業部,権田,不要,,,,,,,,,,,,,,,,,,,,,,
12927023,三松堂印刷株式会社,東京都千代田区西神田３－２－１住友不動産千代田ファーストビル南館１４Ｆ,03-6823-5361,,,,50000000,180,,X1,,ソオエイor誠伸,湯山　貴文,anna.shirai@konicaminolta.com,東日本営業部,権田,希望,,,,,,,,,,,,,,,,,,,,,,
12927024,三報社印刷株式会社,東京都江東区亀戸７－２－１２,03-3685-3131,,1949,https://www.sanposha.co.jp/corporate/outline.html,96000000,300,,X1,,SHITARA,内藤　洋介,anna.shirai@konicaminolta.com,東日本営業部,大脇,希望,,,,,,,,,,,,,,,,,,,,,,
12927022,三光アルミ株式会社,埼玉県鴻巣市赤城台３６２－２４,048-568-2131,,,http://sankoalumi.co.jp/company/,100000000,76,,X1,,誠伸商事,,anna.shirai@konicaminolta.com,東日本営業部,権田,,,,,,,,,,,,,,,,,,,,,,,
12926693,ヨツハシ株式会社,岐阜県岐阜市黒野南１－９０,058-293-1010,,1947,https://www.yotsuhashi.com/company/profile/,60000000,120,,X2,,,杉山　博紀,anna.shirai@konicaminolta.com,中日本営業部,服部,不要,,,,,,,,,,,,,,,,,,,,,,
12926935,ヨシダ印刷株式会社,,,,,,,,,X1,,,山田　洋平,anna.shirai@konicaminolta.com,中日本営業部,服部,希望,,,,,,,,,,,,,,,,,,,,,,
12926906,ヤマックス株式会社,大阪府大阪市北区中津１－１６－３１,06-6371-6131,,1952,https://www.yamacs.co.jp/,40000000,250,,X1,,,服部　晃宏,anna.shirai@konicaminolta.com,西日本営業部,芝川,希望,,,,,,,,,,,,,,,,,,,,,,
12927017,ヤマックス株式会社,大阪府大阪市北区中津１－１６－３１,06-6371-6131,,1952,https://www.yamacs.co.jp/,40000000,250,,X1,直販,,大脇　務,anna.shirai@konicaminolta.com,東日本営業部,大脇,,,,,,,,,,,,,,,,,,,,,,,
12926829,ミラクロンジャパンサプライ株式会社,,,,,,,,,X1,,,川原　俊康,anna.shirai@konicaminolta.com,東日本営業部,権田,希望,,,,,,,,,,,,,,,,,,,,,,
12926772,ミノックス株式会社,大阪府大阪市中央区高麗橋１－６－１０豊田日生北浜ビル１Ｆ・４Ｆ,06-6231-2007,,1959,https://www.minox.co.jp/company/corporate-profile/,36000000,62,,X2,直販,,森　慎也,anna.shirai@konicaminolta.com,東日本営業部,権田,希望,,,,,,,,,,,,,,,,,,,,,,
12927016,マルマン株式会社,東京都中野区中央２－３６－１２,03-5925-6150,,,https://www.e-maruman.co.jp/,49000000,81,,X1,,,牧野　稜平,anna.shirai@konicaminolta.com,東日本営業部,大脇,不要,,,,,,,,,,,,,,,,,,,,,,
12926771,マイプリント株式会社,東京都多摩市永山６－１１－１１,042-337-8111,,1966,https://www.myprint.co.jp/,100000000,204,,X2,直販,,内藤　洋介,anna.shirai@konicaminolta.com,東日本営業部,権田,不要,,,,,,,,,,,,,,,,,,,,,,
12926633,プリ・テック株式会社,,,,,,,,,X2,,,平野　圭祐,anna.shirai@konicaminolta.com,中日本営業部,服部,希望,,,,,,,,,,,,,,,,,,,,,,
12926657,プリントネット株式会社,,,,,,,,,X2,,,小林　洋介,anna.shirai@konicaminolta.com,西日本営業部,芝川,,,,,,,,,,,,,,,,,,,,,,,
12926632,フタバ株式会社,,,,,,,,,X2,,,平野　圭祐,anna.shirai@konicaminolta.com,中日本営業部,服部,希望,,,,,,,,,,,,,,,,,,,,,,
12926860,フクイン（同）,,,,,,,,,X1,,,小林　洋介,anna.shirai@konicaminolta.com,西日本営業部,芝川,,,,,,,,,,,,,,,,,,,,,,,
12926859,パナソニックエレクトリックワークスクリエイツ株式会社,,,,,,,,,X1,,,辻本　竜也,anna.shirai@konicaminolta.com,西日本営業部,芝川,,,,,,,,,,,,,,,,,,,,,,,
12926905,ハート封筒株式会社,大阪府八尾市老原８－９９,072-993-2101,,,,40000000,485,,X1,,,山本　壮二郎,anna.shirai@konicaminolta.com,西日本営業部,芝川,希望,,,,,,,,,,,,,,,,,,,,,,
12926770,ネットスクウェア株式会社,東京都江東区枝川２－４－１１産業倉庫Ｂ棟,03-6262-8526,,2000,https://www.netsquare.jp/company,50000000,97,,X2,直販,,森　慎也,anna.shirai@konicaminolta.com,東日本営業部,大脇,希望,,,,,,,,,,,,,,,,,,,,,,
12926828,ニットーパック株式会社,東京都中央区日本橋馬喰町１－７－１９,03-3663-1231,,,http://www.nittopack.co.jp/corprate.html,58500000,125,,X1,,,秋満　洋平,anna.shirai@konicaminolta.com,東日本営業部,権田,希望,,,,,,,,,,,,,,,,,,,,,,
12926769,ナカバヤシ株式会社,大阪府大阪市中央区北浜東１－２０,06-6943-5555,ペン・鉛筆・絵画用品・その他の事務用品製造業,1951,https://www.nakabayashi.co.jp/,6666277000,978,3,X2,直販,,森　慎也,anna.shirai@konicaminolta.com,東日本営業部,権田,不要,,,,,,,,,,,,,,,,,,,,,,
12926934,トヨタループス株式会社,愛知県豊田市トヨタ町１５－１,0565-26-1009,,2008,https://www.toyota-loops.co.jp/companyinfo/,50000000,377,,X1,,,篭橋　宏憲,anna.shirai@konicaminolta.com,中日本営業部,服部,希望,,,,,,,,,,,,,,,,,,,,,,
12926768,トキワ印刷株式会社,,,,,,,,,X2,,OVOL,赤木　浩,anna.shirai@konicaminolta.com,東日本営業部,大脇,,,,,,,,,,,,,,,,,,,,,,,
12924849,デジタル総合印刷株式会社,大阪府 大阪市 東住吉区 杭全2-10-1,06-7178-5151,,1952,https://www.dps-company.jp/company/outline.html,50000000,214,,X1,直販,,服部　晃宏,,西日本営業部,白井,希望,無し,,,,,,,,,,,,,,,,,,,,,
12926767,テンタック株式会社,東京都墨田区両国４－９－７,03-5369-2121,,1972,https://www.tentac.co.jp/,100000000,290,,X2,直販,,秋満　洋平,anna.shirai@konicaminolta.com,東日本営業部,大脇,不要,,,,,,,,,,,,,,,,,,,,,,
12926692,チャンスメーカー株式会社,,,,,,,,,X2,,,山田　洋平,anna.shirai@konicaminolta.com,中日本営業部,服部,希望,,,,,,,,,,,,,,,,,,,,,,
12926904,ダイヤモンド秀巧社印刷株式会社,福岡県福岡市東区松田３－９－３２,092-621-8711,,1949,https://www.dspcorp.jp/company/#gaiyou,32000000,119,,X1,,,水田　仁,anna.shirai@konicaminolta.com,西日本営業部,芝川,希望,,,,,,,,,,,,,,,,,,,,,,
12926766,ダイヤモンド印刷工業株式会社,埼玉県さいたま市桜区田島９－１４－８,048-836-2370,,,http://www.diamond-insatsu.co.jp/profile/index.html,70000000,55,,X2,,SHITARA,野村　志雄,anna.shirai@konicaminolta.com,東日本営業部,権田,希望,,,,,,,,,,,,,,,,,,,,,,
12926765,ダイオーミウラ株式会社,東京都豊島区北大塚１－１４－３大塚浅見ビルディング,03-5980-1800,,,https://www.dmps.co.jp/,310000000,1112,,X2,,EBS,秋満　洋平,anna.shirai@konicaminolta.com,東日本営業部,白井,希望,,,,,,,,,,,,,,,,,,,,,,
12927015,タナカ印刷株式会社,東京都江東区平野２－２－３９,03-6240-3830,,1923,https://www.tanaka-p.co.jp/corporate/summary/,38880000,72,,X1,,,内藤　洋介,anna.shirai@konicaminolta.com,東日本営業部,大脇,不要,,,,,,,,,,,,,,,,,,,,,,
12926827,ソニック株式会社,,,,,,,,,X1,,,野村　志雄,anna.shirai@konicaminolta.com,東日本営業部,大脇,希望,,,,,,,,,,,,,,,,,,,,,,
12927014,セザックス株式会社,東京都大田区鵜の木２－９－７,03-3758-2511,,,https://www.sezax.co.jp/,100000000,260,,X1,,,権田　陽一郎,anna.shirai@konicaminolta.com,東日本営業部,権田,希望,,,,,,,,,,,,,,,,,,,,,,
12926903,セキ株式会社,,,,,,,,,X1,,,岩谷　雄司,anna.shirai@konicaminolta.com,西日本営業部,芝川,希望,,,,,,,,,,,,,,,,,,,,,,
12926933,スキット株式会社,,,,,,,,,X1,,,山田　洋平,anna.shirai@konicaminolta.com,中日本営業部,服部,希望,,,,,,,,,,,,,,,,,,,,,,
12926826,ジャーナル印刷株式会社,,,,,,,,,X1,,SHITARA,野村　志雄,anna.shirai@konicaminolta.com,東日本営業部,大脇,希望,,,,,,,,,,,,,,,,,,,,,,
12926764,ジャパンプリント株式会社,東京都羽村市神明台４－９－１２,042-506-0111,,1976,https://www.japanprint.co.jp/introduction/introduction.html,50000000,289,,X2,,小森コーポレーション,田上　直樹,anna.shirai@konicaminolta.com,東日本営業部,権田,不要,,,,,,,,,,,,,,,,,,,,,,
12926763,シーレックス東京株式会社,東京都足立区梅島１－２７－２０,03-3848-3131,,,,20000000,17,,X2,,SHITARA,野村　志雄,anna.shirai@konicaminolta.com,東日本営業部,大脇,希望,,,,,,,,,,,,,,,,,,,,,,
12927013,シーベル産業株式会社,,,,,,,,,X1,,,秋満　洋平,anna.shirai@konicaminolta.com,東日本営業部,大脇,希望,,,,,,,,,,,,,,,,,,,,,,
12926825,シナノ印刷株式会社,東京都豊島区池袋４－３２－８三豊ビル４Ｆ,03-5911-3355,,,http://www.shi-na-no.com/company,20000000,23,,X1,,SHITARA,湯山　貴文,anna.shirai@konicaminolta.com,東日本営業部,大脇,希望,,,,,,,,,,,,,,,,,,,,,,
12927012,ザ・パック株式会社,大阪府大阪市東成区東小橋２－９－３,06-4967-1221,プラスチック製品製造業,1952,https://www.thepack.co.jp/,2553505000,869,12,X1,,モリサワ,権田　陽一郎,anna.shirai@konicaminolta.com,東日本営業部,権田,希望,,,,,,,,,,,,,,,,,,,,,,
12926691,サンメッセ株式会社,岐阜県大垣市久瀬川町７－５－１,0584-81-9111,印刷業,1946,https://www.sunmesse.co.jp/,1236114000,663,3,X2,,,秋元　英樹,anna.shirai@konicaminolta.com,中日本営業部,服部,希望,,,,,,,,,,,,,,,,,,,,,,
12926902,コーホク印刷株式会社,,,,,,,,,X1,,,前　宏夫,anna.shirai@konicaminolta.com,西日本営業部,芝川,希望,,,,,,,,,,,,,,,,,,,,,,
12926762,コンバイン株式会社,東京都千代田区麹町２－１ＰＭＯ半蔵門ビル２Ｆ,03-5276-2510,,,https://www.combine.co.jp/corporate/index.html,9000000,40,,X2,,,中村　康彦,anna.shirai@konicaminolta.com,東日本営業部,権田,,,,,,,,,,,,,,,,,,,,,,,
12926761,コスモプリンツ株式会社,埼玉県行田市忍２－９－１５,048-554-7111,,,http://www.cosmoprints.co.jp/gaiyo.html,30000000,104,,X2,,,秋満　洋平,anna.shirai@konicaminolta.com,東日本営業部,権田,不要,,,,,,,,,,,,,,,,,,,,,,
13085185,キンコーズ・ジャパン株式会社,東京都 港区 芝浦1-1-1,,,1991,https://www.kinkos.co.jp/company/brochure.html,100000000,738,,,,,,,,芝川,,強い,,,,,,,,,,,,,,,,,,,,,
12926760,オリエンタルモーターテック株式会社,千葉県柏市高田１４０４,04-7147-3791,,,,100000000,86,,X2,,モトヤ,湯山　貴文,anna.shirai@konicaminolta.com,東日本営業部,権田,不要,,,,,,,,,,,,,,,,,,,,,,
12926858,オカハシ株式会社,,,,,,,,,X1,,,辻本　竜也,anna.shirai@konicaminolta.com,西日本営業部,芝川,,,,,,,,,,,,,,,,,,,,,,,
12927010,エイト印刷株式会社,東京都文京区小石川５－３－２,03-3814-8131,印刷業,1963,https://www.eight.co.jp/company/summary/,99880000,75,,X1,,,内藤　洋介,anna.shirai@konicaminolta.com,東日本営業部,大脇,希望,,,,,,,,,,,,,,,,,,,,,,
12926857,イシイ株式会社,大阪府大阪市中央区瓦屋町２－１０－２５,06-6768-1577,,1972,https://www.ieps.co.jp/aboutus/aboutus.php,28800000,148,,X1,,,辻本　竜也,anna.shirai@konicaminolta.com,西日本営業部,芝川,,,,,,,,,,,,,,,,,,,,,,,
12927009,アート印刷株式会社,東京都港区芝３－３－１５芝ＭＯＮＴビル４Ｆ,03-3454-1811,,1972,https://art-printing.co.jp/overview.html,20000000,88,,X1,,,権田　陽一郎,anna.shirai@konicaminolta.com,東日本営業部,権田,希望,,,,,,,,,,,,,,,,,,,,,,
12926758,アベイズム株式会社,東京都目黒区上目黒４－３０－１２,03-5720-7000,,,http://www.abeism.co.jp/abe/data/01_company-data.html,94600000,530,,X2,,ヤマトヤ商会,川原　俊康,anna.shirai@konicaminolta.com,東日本営業部,権田,希望,,,,,,,,,,,,,,,,,,,,,,
12926823,アットホーム株式会社,東京都大田区西六郷４－３４－１２,03-3730-6400,,1967,https://athome-inc.jp/,100000000,1782,,X1,,小森コーポレーション,野村　志雄,anna.shirai@konicaminolta.com,東日本営業部,権田,希望,,,,,,,,,,,,,,,,,,,,,,
12926901,アインズ株式会社,,,,,,,,,X1,,,西浦　公郎,anna.shirai@konicaminolta.com,西日本営業部,芝川,希望,,,,,,,,,,,,,,,,,,,,,,
12926773,やまと印刷株式会社,,,,,,,,,X2,,モリサワ,菅　康則,anna.shirai@konicaminolta.com,東日本営業部,大脇,希望,,,,,,,,,,,,,,,,,,,,,,
12926824,こだま印刷株式会社,東京都新宿区新小川町１－８,03-3260-6556,,1971,https://www.kodama-print.co.jp/about/,30000000,115,,X1,,モトヤ,田上　直樹,anna.shirai@konicaminolta.com,東日本営業部,権田,希望,,,,,,,,,,,,,,,,,,,,,,
12926759,いすゞインテック株式会社,東京都大田区蒲田５－４４－５蒲田プライム８Ｆ,03-5711-7801,,1970,https://www.isuzuintec.co.jp/company/,95000000,283,,X2,直販,,,anna.shirai@konicaminolta.com,東日本営業部,権田,希望,,,,,,,,,,,,,,,,,,,,,,
